NAV,RP,SP,Date,
139.21,138.51,142.34,2-Jan-07,
141.08,140.37,144.25,3-Jan-07,
140.88,140.18,144.05,4-Jan-07,
140.56,139.86,143.72,5-Jan-07,
138.92,138.23,142.05,8-Jan-07,
138.25,137.56,141.36,9-Jan-07,
136.89,136.21,139.97,10-Jan-07,
139.05,138.35,142.18,11-Jan-07,
141.86,141.15,145.05,12-Jan-07,
143.41,142.69,146.64,15-Jan-07,
143.73,143.01,146.96,16-Jan-07,
143.52,142.8,146.75,17-Jan-07,
143.3,142.58,146.52,18-Jan-07,
143.25,142.53,146.47,19-Jan-07,
143.88,143.16,147.12,22-Jan-07,
142.59,141.88,145.8,23-Jan-07,
142.97,142.26,146.19,24-Jan-07,
144.9,144.18,148.16,25-Jan-07,
144.47,143.75,147.72,29-Jan-07,
142.93,142.22,146.15,31-Jan-07,
144.25,143.53,147.5,1-Feb-07,
146.15,145.42,149.44,2-Feb-07,
147.13,146.39,150.44,5-Feb-07,
147.44,146.7,150.76,6-Feb-07,
148.5,147.76,151.84,7-Feb-07,
148.33,147.59,151.67,8-Feb-07,
146.17,145.44,149.46,9-Feb-07,
141.37,140.66,144.55,12-Feb-07,
140.83,140.13,144,13-Feb-07,
140.56,139.86,143.72,14-Feb-07,
144.32,143.6,147.57,15-Feb-07,
145.17,144.44,148.44,19-Feb-07,
142.88,142.17,146.09,20-Feb-07,
143.54,142.82,146.77,21-Feb-07,
142.04,141.33,145.24,22-Feb-07,
137.69,137,140.79,23-Feb-07,
137.74,137.05,140.84,26-Feb-07,
137.06,136.37,140.14,27-Feb-07,
132.62,131.96,135.6,28-Feb-07,
132.64,131.98,135.62,1-Mar-07,
130.57,129.92,133.51,2-Mar-07,
125.62,124.99,128.45,5-Mar-07,
127.68,127.04,130.55,6-Mar-07,
126.59,125.96,129.44,7-Mar-07,
129.27,128.62,132.18,9-Mar-07,
130.19,129.54,133.12,12-Mar-07,
131.46,130.8,134.42,13-Mar-07,
127.92,127.28,130.8,14-Mar-07,
128.17,127.53,131.05,15-Mar-07,
127.1,126.46,129.96,16-Mar-07,
128.88,128.24,131.78,19-Mar-07,
130.13,129.48,133.06,20-Mar-07,
131.06,130.4,134.01,21-Mar-07,
133.46,132.79,136.46,22-Mar-07,
133.87,133.2,136.88,23-Mar-07,
132.82,132.16,135.81,26-Mar-07,
130.7,130.05,133.64,28-Mar-07,
131.84,131.18,134.81,29-Mar-07,
132.81,132.15,135.8,30-Mar-07,
127.9823,127.342,130.8637,2-Apr-07,
129.2327,128.5865,132.1404,3-Apr-07,
130.5497,129.897,133.4871,4-Apr-07,
132.1981,131.5371,135.1726,5-Apr-07,
134.9394,134.2647,137.9755,9-Apr-07,
135.674,134.9956,138.7267,10-Apr-07,
135.319,134.6424,138.3637,11-Apr-07,
134.9232,134.2486,137.959,12-Apr-07,
137.3778,136.6909,140.4688,13-Apr-07,
139.1284,138.4328,142.2588,16-Apr-07,
138.2741,137.5827,141.3853,17-Apr-07,
138.2486,137.5574,141.3592,18-Apr-07,
137.7705,137.0816,140.8703,19-Apr-07,
139.6483,138.9501,142.7904,20-Apr-07,
139.8184,139.1193,142.9643,23-Apr-07,
141.7273,141.0187,144.9162,24-Apr-07,
143.0501,142.3348,146.2687,25-Apr-07,
143.5671,142.8493,146.7974,26-Apr-07,
141.9434,141.2337,145.1371,27-Apr-07,
142.3597,141.6479,145.5628,30-Apr-07,
143.8729,143.1535,147.11,3-May-07,
142.9528,142.238,146.1692,4-May-07,
142.5555,141.8427,145.763,7-May-07,
141.5312,140.8235,144.7157,8-May-07,
141.7837,141.0748,144.9738,9-May-07,
141.9377,141.228,145.1313,10-May-07,
142.3149,141.6033,145.517,11-May-07,
143.9581,143.2383,147.1972,14-May-07,
144.7226,143.999,147.9789,15-May-07,
147.3792,146.6423,150.6952,16-May-07,
147.9482,147.2085,151.277,17-May-07,
148.4623,147.72,151.8027,18-May-07,
149.5651,148.8173,152.9303,21-May-07,
150.9633,150.2085,154.36,22-May-07,
149.6569,148.9086,153.0242,23-May-07,
148.8267,148.0826,152.1753,24-May-07,
149.4535,148.7062,152.8162,25-May-07,
150.1087,149.3582,153.4861,28-May-07,
151.0342,150.279,154.4325,29-May-07,
149.7123,148.9637,153.0808,30-May-07,
151.5303,150.7726,154.9397,31-May-07,
152.1245,151.3639,155.5473,1-Jun-07,
151.2393,150.4831,154.6422,4-Jun-07,
151.9075,151.148,155.3254,5-Jun-07,
149.565,148.8172,152.9302,6-Jun-07,
149.0223,148.2772,152.3753,7-Jun-07,
147.3836,146.6467,150.6997,8-Jun-07,
147.1625,146.4267,150.4737,11-Jun-07,
147.0285,146.2934,150.3366,12-Jun-07,
146.1088,145.3783,149.3962,13-Jun-07,
148.5086,147.7661,151.85,14-Jun-07,
148.5228,147.7802,151.8646,15-Jun-07,
148.162,147.4212,151.4956,18-Jun-07,
149.5293,148.7817,152.8937,19-Jun-07,
150.5326,149.7799,153.9196,20-Jun-07,
152.1777,151.4168,155.6017,21-Jun-07,
152.787,152.0231,156.2247,22-Jun-07,
152.6778,151.9144,156.1131,25-Jun-07,
153.6867,152.9183,157.1447,26-Jun-07,
152.9441,152.1794,156.3853,27-Jun-07,
154.4568,153.6845,157.9321,28-Jun-07,
156.0141,155.234,159.5244,29-Jun-07,
156.3387,155.557,159.8563,2-Jul-07,
157.7854,156.9965,161.3356,3-Jul-07,
157.5907,156.8027,161.1365,4-Jul-07,
156.8538,156.0695,160.383,5-Jul-07,
157.5601,156.7723,161.1052,6-Jul-07,
158.4631,157.6708,162.0285,9-Jul-07,
157.391,156.604,160.9323,10-Jul-07,
157.2619,156.4756,160.8003,11-Jul-07,
159.2248,158.4287,162.8074,12-Jul-07,
160.3903,159.5883,163.9991,13-Jul-07,
160.6481,159.8449,164.2627,16-Jul-07,
159.7496,158.9509,163.344,17-Jul-07,
159.6601,158.8618,163.2525,18-Jul-07,
161.8012,160.9922,165.4417,19-Jul-07,
161.6227,160.8146,165.2592,20-Jul-07,
163.3971,162.5801,167.0735,23-Jul-07,
163.0663,162.251,166.7353,24-Jul-07,
162.5436,161.7309,166.2008,25-Jul-07,
163.9329,163.1132,167.6214,26-Jul-07,
158.7171,157.9235,162.2882,27-Jul-07,
158.8592,158.0649,162.4335,30-Jul-07,
162.3947,161.5827,166.0486,31-Jul-07,
156.8951,156.1106,160.4252,1-Aug-07,
157.6483,156.8601,161.1954,2-Aug-07,
159.4046,158.6076,162.9912,3-Aug-07,
157.4689,156.6816,161.012,6-Aug-07,
158.6071,157.8141,162.1758,7-Aug-07,
161.8768,161.0674,165.519,8-Aug-07,
159.0429,158.2477,162.6214,9-Aug-07,
156.3947,155.6127,159.9136,10-Aug-07,
158.0534,157.2631,161.6096,13-Aug-07,
157.6151,156.827,161.1614,14-Aug-07,
151.8779,151.1185,155.2952,16-Aug-07,
149.7612,149.0124,153.1308,17-Aug-07,
152.0639,151.3036,155.4853,20-Aug-07,
147.4916,146.7541,150.8102,21-Aug-07,
149.4021,148.6551,152.7636,22-Aug-07,
148.7703,148.0264,152.1176,23-Aug-07,
150.4628,150.4628,153.8482,24-Aug-07,
154.2696,154.2696,157.7407,27-Aug-07,
155.2645,155.2645,158.758,28-Aug-07,
155.8285,155.8285,159.3346,29-Aug-07,
157.07,157.07,160.6041,30-Aug-07,
159.1426,159.1426,162.7233,31-Aug-07,
160.4776,160.4776,164.0883,3-Sep-07,
161.2993,161.2993,164.9285,4-Sep-07,
161.1503,161.1503,164.7762,5-Sep-07,
162.5581,162.5581,166.2157,6-Sep-07,
161.8435,161.8435,165.485,7-Sep-07,
161.8832,161.8832,165.5256,10-Sep-07,
161.3232,161.3232,164.953,11-Sep-07,
161.7041,161.7041,165.3424,12-Sep-07,
163.3376,163.3376,167.0127,13-Sep-07,
162.3343,162.3343,165.9868,14-Sep-07,
162.1011,162.1011,165.7484,17-Sep-07,
163.759,163.759,167.4436,18-Sep-07,
168.6034,168.6034,172.397,19-Sep-07,
169.6184,169.6184,173.4348,20-Sep-07,
171.9077,171.9077,175.7756,21-Sep-07,
174.142,174.142,178.0602,24-Sep-07,
174.9151,174.9151,178.8507,25-Sep-07,
175.0535,175.0535,178.9922,26-Sep-07,
175.6705,175.6705,179.6231,27-Sep-07,
177.2704,177.2704,181.259,28-Sep-07,
179.2596,179.2596,183.2929,1-Oct-07,
183.0216,183.0216,187.1396,3-Oct-07,
182.7173,182.7173,186.8284,4-Oct-07,
182.1733,182.1733,186.2722,5-Oct-07,
178.5955,178.5955,182.6139,8-Oct-07,
185.5906,185.5906,189.7664,9-Oct-07,
187.9392,187.9392,192.1678,10-Oct-07,
191.1362,191.1362,195.4368,11-Oct-07,
187.247,187.247,191.4601,12-Oct-07,
191.7434,191.7434,196.0576,15-Oct-07,
192.8254,192.8254,197.164,16-Oct-07,
189.7015,189.7015,193.9698,17-Oct-07,
184.0417,184.0417,188.1826,18-Oct-07,
177.9061,177.9061,181.909,19-Oct-07,
178.3743,178.3743,182.3877,22-Oct-07,
187.5104,187.5104,191.7294,23-Oct-07,
188.1892,188.1892,192.4235,24-Oct-07,
190.4104,190.4104,194.6946,25-Oct-07,
193.6872,193.6872,198.0452,26-Oct-07,
199.0258,199.0258,203.5039,29-Oct-07,
198.337,198.337,202.7996,30-Oct-07,
199.0821,199.0821,203.5614,31-Oct-07,
196.375,196.375,200.7934,1-Nov-07,
197.4633,197.4633,201.9062,2-Nov-07,
195.6059,195.6059,200.007,5-Nov-07,
193.0988,193.0988,197.4435,6-Nov-07,
192.005,192.005,196.3251,7-Nov-07,
190.1658,190.1658,194.4445,8-Nov-07,
187.2407,187.2407,191.4536,12-Nov-07,
190.4952,190.4952,194.7813,13-Nov-07,
197.1908,197.1908,201.6276,14-Nov-07,
198.2158,198.2158,202.6757,15-Nov-07,
199.1204,199.1204,203.6006,16-Nov-07,
201.1603,201.1603,205.6864,19-Nov-07,
198.1065,198.1065,202.5639,20-Nov-07,
191.5505,191.5505,195.8604,21-Nov-07,
191.0564,191.0564,195.3552,22-Nov-07,
193.0356,193.0356,197.3789,23-Nov-07,
195.8285,195.8285,200.2346,26-Nov-07,
195.7547,195.7547,200.1592,27-Nov-07,
194.7009,194.7009,199.0817,28-Nov-07,
194.1517,194.1517,198.5201,29-Nov-07,
197.9378,197.9378,202.3914,30-Nov-07,
200.399,200.399,204.908,3-Dec-07,
201.6293,201.6293,206.166,4-Dec-07,
204.2375,204.2375,208.8328,5-Dec-07,
204.7482,204.7482,209.355,6-Dec-07,
204.9691,204.9691,209.5809,7-Dec-07,
205.6395,205.6395,210.2664,10-Dec-07,
208.4981,208.4981,213.1893,11-Dec-07,
210.6711,210.6711,215.4112,12-Dec-07,
209.0559,209.0559,213.7597,13-Dec-07,
208.1784,208.1784,212.8624,14-Dec-07,
200.0122,200.0122,204.5125,17-Dec-07,
199.6078,199.6078,204.099,18-Dec-07,
198.5625,198.5625,203.0302,19-Dec-07,
198.809,198.809,203.2822,20-Dec-07,
203.721,203.721,208.3047,24-Dec-07,
208.3714,208.3714,213.0598,26-Dec-07,
208.0367,208.0367,212.7175,27-Dec-07,
209.6127,209.6127,214.329,28-Dec-07,
213.0372,213.0372,217.8305,31-Dec-07,
212.8439,212.8439,217.6329,1-Jan-08,
215.6171,215.6171,220.4685,2-Jan-08,
214.2855,214.2855,219.1069,3-Jan-08,
217.0797,217.0797,221.964,4-Jan-08,
216.1345,216.1345,220.9975,7-Jan-08,
213.9345,213.9345,218.748,8-Jan-08,
215.2849,215.2849,220.1288,9-Jan-08,
210.5986,210.5986,215.3371,10-Jan-08,
211.5538,211.5538,216.3138,11-Jan-08,
211.7064,211.7064,216.4698,14-Jan-08,
207.9376,207.9376,212.6162,15-Jan-08,
204.0934,204.0934,208.6855,16-Jan-08,
203.3151,203.3151,207.8897,17-Jan-08,
195.6621,195.6621,200.0645,18-Jan-08,
181.7231,181.7231,185.8119,21-Jan-08,
175.3519,175.3519,179.2973,22-Jan-08,
183.4914,183.4914,187.62,23-Jan-08,
179.3594,179.3594,183.395,24-Jan-08,
188.8485,188.8485,193.0976,25-Jan-08,
187.2931,187.2931,191.5072,28-Jan-08,
187.4337,187.4337,191.651,29-Jan-08,
184.7033,184.7033,188.8591,30-Jan-08,
184.4446,184.4446,188.5946,31-Jan-08,
186.8972,186.8972,191.1024,1-Feb-08,
191.4121,191.4121,195.7189,4-Feb-08,
191.1431,191.1431,195.4438,5-Feb-08,
186.528,186.528,190.7249,6-Feb-08,
181.2666,181.2666,185.3451,7-Feb-08,
179.4697,179.4697,183.5078,8-Feb-08,
173.4765,172.6091,177.3797,11-Feb-08,
171.9056,171.0461,175.7735,12-Feb-08,
173.9064,173.0369,177.8193,13-Feb-08,
182.3888,181.4769,186.4925,15-Feb-08,
182.2365,181.3253,186.3368,18-Feb-08,
183.1229,182.2073,187.2432,19-Feb-08,
180.0339,179.1337,184.0847,20-Feb-08,
180.1234,179.2228,184.1762,21-Feb-08,
176.7175,175.8339,180.6936,22-Feb-08,
178.3515,177.4597,182.3644,25-Feb-08,
179.7629,178.8641,183.8076,26-Feb-08,
180.9463,180.0416,185.0176,27-Feb-08,
181.0902,180.1847,185.1647,28-Feb-08,
178.6662,177.7729,182.6862,29-Feb-08,
170.839,169.9848,174.6829,3-Mar-08,
168.0665,167.2262,171.848,4-Mar-08,
169.2241,168.378,173.0316,5-Mar-08,
162.9554,162.1406,166.6219,7-Mar-08,
162.5597,161.7469,166.2173,10-Mar-08,
165.0957,164.2702,168.8104,11-Mar-08,
164.6992,163.8757,168.4049,12-Mar-08,
157.1854,156.3995,160.7221,13-Mar-08,
160.2356,159.4344,163.8409,14-Mar-08,
150.167,149.4162,153.5458,17-Mar-08,
150.1308,149.3801,153.5087,18-Mar-08,
150.8883,150.1339,154.2833,19-Mar-08,
152.1956,151.4346,155.62,24-Mar-08,
160.7928,159.9888,164.4106,25-Mar-08,
161.9641,161.1543,165.6083,26-Mar-08,
160.7068,159.9033,164.3227,27-Mar-08,
164.4047,163.5827,168.1038,28-Mar-08,
158.9762,158.1813,162.5532,31-Mar-08,
157.8463,157.0571,161.3978,1-Apr-08,
159.4791,158.6817,163.0674,2-Apr-08,
159.3883,158.5914,162.9745,3-Apr-08,
155.6529,154.8746,159.1551,4-Apr-08,
158.1768,157.3859,161.7358,7-Apr-08,
157.3425,156.5558,160.8827,8-Apr-08,
159.5298,158.7322,163.1192,9-Apr-08,
158.1873,157.3964,161.7465,10-Apr-08,
158.6726,157.8792,162.2427,11-Apr-08,
161.5797,160.7718,165.2152,15-Apr-08,
162.6466,161.8334,166.3061,16-Apr-08,
165.7292,164.9006,169.4581,17-Apr-08,
167.6477,166.8095,171.4198,21-Apr-08,
167.6446,166.8064,171.4166,22-Apr-08,
167.5599,166.7221,171.33,23-Apr-08,
168.1745,167.3336,171.9584,24-Apr-08,
171.3974,170.5404,175.2538,25-Apr-08,
171.0703,170.2149,174.9194,28-Apr-08,
173.6803,172.8119,177.5881,29-Apr-08,
173.774,172.9051,177.6839,30-Apr-08,
175.4732,174.5958,179.4213,2-May-08,
174.9217,174.0471,178.8574,5-May-08,
173.6881,172.8197,177.5961,6-May-08,
172.4842,171.6218,176.3651,7-May-08,
170.5123,169.6597,174.3488,8-May-08,
167.9768,167.1369,171.7563,9-May-08,
167.8861,167.0467,171.6635,12-May-08,
167.2974,166.4609,171.0616,13-May-08,
169.3813,168.5344,173.1924,14-May-08,
171.7745,170.9156,175.6394,15-May-08,
172.4954,171.6329,176.3765,16-May-08,
171.2233,170.3672,175.0758,20-May-08,
170.7832,169.9293,174.6258,21-May-08,
168.3015,167.46,172.0883,22-May-08,
167.6548,166.8165,171.427,23-May-08,
164.7181,163.8945,168.4243,26-May-08,
164.2934,163.4719,167.99,27-May-08,
166.6856,165.8522,170.436,28-May-08,
165.4049,164.5779,169.1265,29-May-08,
167.1507,166.3149,170.9116,30-May-08,
163.8686,163.0493,167.5556,2-Jun-08,
162.3455,161.5338,165.9983,3-Jun-08,
158.3428,157.5511,161.9055,4-Jun-08,
159.8014,159.0024,163.3969,5-Jun-08,
158.3338,157.5421,161.8963,6-Jun-08,
154.0165,153.2464,157.4819,9-Jun-08,
152.1852,151.4243,155.6094,10-Jun-08,
154.8816,154.1072,158.3664,11-Jun-08,
155.0236,154.2485,158.5116,12-Jun-08,
154.0566,153.2863,157.5229,13-Jun-08,
156.0236,155.2435,159.5341,16-Jun-08,
158.2317,157.4405,161.7919,17-Jun-08,
156.9973,156.2123,160.5297,18-Jun-08,
154.1589,153.3881,157.6275,19-Jun-08,
149.5249,148.7773,152.8892,20-Jun-08,
146.7877,146.0538,150.0904,23-Jun-08,
144.6779,143.9545,147.9332,24-Jun-08,
145.4061,144.6791,148.6777,25-Jun-08,
146.2177,145.4866,149.5076,26-Jun-08,
140.5183,139.8157,143.68,27-Jun-08,
137.1216,136.436,140.2068,30-Jun-08,
132.9204,132.2558,135.9111,1-Jul-08,
139.3173,138.6207,142.4519,2-Jul-08,
134.1844,133.5135,137.2035,3-Jul-08,
137.5717,136.8838,140.6671,4-Jul-08,
139.4593,138.762,142.5971,7-Jul-08,
137.8032,137.1142,140.9038,8-Jul-08,
142.856,142.1417,146.0703,9-Jul-08,
142.3526,141.6408,145.5555,10-Jul-08,
138.4476,137.7554,141.5627,11-Jul-08,
136.4064,135.7244,139.4755,14-Jul-08,
131.0251,130.37,133.9732,15-Jul-08,
129.7963,129.1473,132.7167,16-Jul-08,
133.9332,133.2635,136.9467,17-Jul-08,
138.2827,137.5913,141.3941,18-Jul-08,
138.0126,137.3225,141.1179,21-Jul-08,
140.41,139.708,143.5692,22-Jul-08,
147.9504,147.2106,151.2793,23-Jul-08,
146.7175,145.9839,150.0186,24-Jul-08,
143.9674,143.2476,147.2067,25-Jul-08,
144.5834,143.8605,147.8365,28-Jul-08,
140.0849,139.3845,143.2368,29-Jul-08,
144.0237,143.3036,147.2642,30-Jul-08,
143.7222,143.0036,146.9559,31-Jul-08,
146.0863,145.3559,149.3732,1-Aug-08,
146.7374,146.0037,150.039,4-Aug-08,
150.2249,149.4738,153.605,5-Aug-08,
151.7532,150.9944,155.1676,6-Aug-08,
152.9099,152.1454,156.3504,7-Aug-08,
152.836,152.0718,156.2748,8-Aug-08,
154.778,154.0041,158.2605,11-Aug-08,
153.0804,152.315,156.5247,12-Aug-08,
152.6291,151.866,156.0633,13-Aug-08,
149.7701,149.0212,153.1399,14-Aug-08,
149.283,148.5366,152.6419,18-Aug-08,
148.26,147.5187,151.5959,19-Aug-08,
149.6705,148.9221,153.0381,20-Aug-08,
146.3943,145.6623,149.6882,21-Aug-08,
147.0892,146.3538,150.3987,22-Aug-08,
148.4279,147.6858,151.7675,25-Aug-08,
148.7639,148.0201,152.1111,26-Aug-08,
147.6821,146.9437,151.0049,27-Aug-08,
145.9885,145.2586,149.2732,28-Aug-08,
150.297,149.5455,153.6787,29-Aug-08,
149.8597,149.1104,153.2315,1-Sep-08,
153.4872,152.7198,156.9407,2-Sep-08,
152.6107,151.8476,156.0444,4-Sep-08,
150.1272,149.3766,153.5051,5-Sep-08,
152.2387,151.4775,155.6641,8-Sep-08,
152.2169,151.4558,155.6418,9-Sep-08,
151.122,150.3664,154.5222,10-Sep-08,
148.8776,148.1332,152.2273,11-Sep-08,
147.1399,146.4042,150.4505,12-Sep-08,
143.5612,142.8434,146.7913,15-Sep-08,
143.5286,142.811,146.758,16-Sep-08,
141.5049,140.7974,144.6888,17-Sep-08,
141.4546,140.7473,144.6373,18-Sep-08,
146.3162,145.5846,149.6083,19-Sep-08,
145.8844,145.155,149.1668,22-Sep-08,
143.248,142.5318,146.4711,23-Sep-08,
143.8979,143.1784,147.1356,24-Sep-08,
143.0147,142.2996,146.2325,25-Sep-08,
139.7831,139.0842,142.9282,26-Sep-08,
136.6781,135.9947,139.7534,29-Sep-08,
139.7243,139.0257,142.8681,30-Sep-08,
141.2255,140.5194,144.4031,1-Oct-08,
138.1027,137.4122,141.21,3-Oct-08,
132.2634,131.6021,135.2393,6-Oct-08,
130.2674,129.6161,133.1984,7-Oct-08,
126.0912,125.4607,128.9283,8-Oct-08,
118.2984,117.7069,120.9601,10-Oct-08,
124.7552,124.1314,127.5622,13-Oct-08,
126.1985,125.5675,129.038,14-Oct-08,
121.3591,120.7523,124.0897,15-Oct-08,
120.4403,119.8381,123.1502,16-Oct-08,
116.2361,115.6549,118.8514,17-Oct-08,
117.2886,116.7022,119.9276,20-Oct-08,
120.295,119.6935,123.0016,21-Oct-08,
115.3544,114.7776,117.9499,22-Oct-08,
111.3477,110.791,113.853,23-Oct-08,
102.2106,101.6995,104.5103,24-Oct-08,
100.189,99.6881,102.4433,27-Oct-08,
104.976,104.4511,107.338,29-Oct-08,
109.0765,108.5311,111.5307,31-Oct-08,
113.8496,113.2804,116.4112,3-Nov-08,
116.2583,115.677,118.8741,4-Nov-08,
112.8847,112.3203,115.4246,5-Nov-08,
110.0761,109.5257,112.5528,6-Nov-08,
111.786,111.2271,114.3012,7-Nov-08,
116.3733,115.7914,118.9917,10-Nov-08,
110.6397,110.0865,113.1291,11-Nov-08,
108.1031,107.5626,110.5354,12-Nov-08,
106.8365,106.3023,109.2403,14-Nov-08,
104.7733,104.2494,107.1307,17-Nov-08,
102.1461,101.6354,104.4444,18-Nov-08,
100.975,100.4701,103.2469,19-Nov-08,
98.269,97.7777,100.4801,20-Nov-08,
101.1132,100.6076,103.3882,21-Nov-08,
101.4927,100.9852,103.7763,24-Nov-08,
100.554,100.0512,102.8165,25-Nov-08,
103.2637,102.7474,105.5871,26-Nov-08,
104.464,103.9417,106.8144,28-Nov-08,
102.2357,101.7245,104.536,1-Dec-08,
101.6092,101.1012,103.8954,2-Dec-08,
101.3796,100.8727,103.6606,3-Dec-08,
105.1206,104.595,107.4858,4-Dec-08,
103.1408,102.6251,105.4615,5-Dec-08,
104.3666,103.8448,106.7148,8-Dec-08,
107.6191,107.081,110.0405,10-Dec-08,
107.9728,107.4329,110.4022,11-Dec-08,
108.5977,108.0547,111.0411,12-Dec-08,
110.6223,110.0692,113.1113,15-Dec-08,
112.3284,111.7668,114.8558,16-Dec-08,
109.7876,109.2387,112.2578,17-Dec-08,
112.6601,112.0968,115.195,18-Dec-08,
113.5359,112.9682,116.0905,19-Dec-08,
111.5484,110.9907,114.0582,22-Dec-08,
109.2634,108.7171,111.7218,23-Dec-08,
108.3565,107.8147,110.7945,24-Dec-08,
106.8143,106.2802,109.2176,26-Dec-08,
109.0559,108.5106,111.5097,29-Dec-08,
111.5447,110.987,114.0545,30-Dec-08,
111.5447,110.987,114.0545,30-Dec-08,
111.4058,110.8488,113.9124,31-Dec-08,
113.796,113.227,116.3564,1-Jan-09,
115.0148,114.4397,117.6026,2-Jan-09,
116.8529,116.2686,119.4821,5-Jan-09,
117.0713,116.4859,119.7054,6-Jan-09,
109.9585,109.4087,112.4326,7-Jan-09,
108.3168,107.7752,110.7539,9-Jan-09,
106.3963,105.8643,108.7902,12-Jan-09,
105.9684,105.4386,108.3527,13-Jan-09,
108.0019,107.4619,110.4319,14-Jan-09,
105.4565,104.9292,107.8293,15-Jan-09,
106.9307,106.396,109.3366,16-Jan-09,
107.4087,106.8717,109.8254,19-Jan-09,
105.5989,105.0709,107.9749,20-Jan-09,
103.5163,102.9987,105.8454,21-Jan-09,
103.0786,102.5632,105.3979,22-Jan-09,
101.4967,100.9892,103.7804,23-Jan-09,
103.5007,102.9832,105.8295,27-Jan-09,
105.5075,104.98,107.8814,28-Jan-09,
104.6389,104.1157,106.9933,29-Jan-09,
105.674,105.1456,108.0517,30-Jan-09,
103.2262,102.7101,105.5488,2-Feb-09,
103.8603,103.341,106.1972,3-Feb-09,
104.0688,103.5485,106.4103,4-Feb-09,
103.0888,102.5734,105.4083,5-Feb-09,
105.0501,104.5248,107.4137,6-Feb-09,
107.1367,106.601,109.5473,9-Feb-09,
107.7351,107.1964,110.1591,10-Feb-09,
108.2755,108.2755,110.7117,11-Feb-09,
107.3208,107.3208,109.7355,12-Feb-09,
108.648,108.648,111.0926,13-Feb-09,
105.815,105.815,108.1958,16-Feb-09,
103.4042,103.4042,105.7308,17-Feb-09,
103.5331,103.5331,105.8626,18-Feb-09,
103.5296,103.5296,105.859,19-Feb-09,
102.2684,102.2684,104.5694,20-Feb-09,
101.4075,101.4075,103.6892,24-Feb-09,
101.7015,101.7015,103.9898,25-Feb-09,
101.1178,101.1178,103.393,27-Feb-09,
98.9246,98.9246,101.1504,2-Mar-09,
97.6161,97.6161,99.8125,3-Mar-09,
97.8298,97.8298,100.031,4-Mar-09,
95.6675,95.6675,97.82,5-Mar-09,
96.0894,96.0894,98.2514,6-Mar-09,
94.5896,94.5896,96.7179,9-Mar-09,
95.6765,94.7197,97.8292,12-Mar-09,
98.3844,97.4006,100.598,13-Mar-09,
100.5623,99.5567,102.825,16-Mar-09,
99.5786,98.5828,101.8191,17-Mar-09,
100.9345,99.9252,103.2055,18-Mar-09,
101.0762,100.0654,103.3504,19-Mar-09,
100.5525,99.547,102.8149,20-Mar-09,
103.6777,102.6409,106.0104,23-Mar-09,
104.4025,103.3585,106.7516,24-Mar-09,
105.477,104.4222,107.8502,25-Mar-09,
108.136,107.0546,110.5691,26-Mar-09,
109.4199,108.3257,111.8818,27-Mar-09,
107.2973,106.2243,109.7115,30-Mar-09,
109.2452,108.1527,111.7032,31-Mar-09,
110.3357,109.2323,112.8183,1-Apr-09,
113.2943,112.1614,115.8434,2-Apr-09,
114.9295,113.7802,117.5154,6-Apr-09,
116.7817,115.6139,119.4093,8-Apr-09,
117.4455,116.271,120.088,9-Apr-09,
119.6324,118.4361,122.3241,13-Apr-09,
122.798,121.57,125.561,15-Apr-09,
119.8379,118.6395,122.5343,16-Apr-09,
121.0235,119.8133,123.7465,17-Apr-09,
122.1895,120.9676,124.9388,20-Apr-09,
123.1643,121.9327,125.9355,21-Apr-09,
121.4503,120.2358,124.1829,22-Apr-09,
123.0464,121.8159,125.8149,23-Apr-09,
124.5242,123.279,127.326,24-Apr-09,
123.876,122.6372,126.6632,27-Apr-09,
120.7596,119.552,123.4767,28-Apr-09,
123.7298,122.4925,126.5137,29-Apr-09,
128.2663,126.9836,131.1523,4-May-09,
128.7151,127.4279,131.6112,5-May-09,
127.0628,125.7922,129.9217,6-May-09,
128.9867,127.6968,131.8889,7-May-09,
128.2774,126.9946,131.1636,8-May-09,
126.8779,125.6091,129.7327,11-May-09,
130.2556,128.953,133.1864,12-May-09,
129.7523,128.4548,132.6717,13-May-09,
129.3856,128.0917,132.2968,14-May-09,
131.6719,130.3552,134.6345,15-May-09,
151.3443,149.8309,154.7495,19-May-09,
153.5875,152.0516,157.0432,20-May-09,
152.2168,150.6946,155.6417,21-May-09,
153.5822,152.0464,157.0378,22-May-09,
154.9067,153.3576,158.3921,25-May-09,
149.8971,148.3981,153.2698,26-May-09,
155.4919,153.937,158.9905,27-May-09,
156.1948,154.6329,159.7092,28-May-09,
159.915,158.3159,163.5131,29-May-09,
160.9681,159.3584,164.5899,1-Jun-09,
160.533,158.9277,164.145,2-Jun-09,
162.6472,161.0207,166.3068,3-Jun-09,
163.7066,162.0695,167.39,4-Jun-09,
164.5621,162.9165,168.2647,5-Jun-09,
158.1114,156.5303,161.6689,8-Jun-09,
162.3022,160.6792,165.954,9-Jun-09,
164.8648,163.2162,168.5743,10-Jun-09,
163.2341,161.6018,166.9069,11-Jun-09,
160.1931,158.5912,163.7974,12-Jun-09,
157.1548,155.5833,160.6908,15-Jun-09,
159.4593,157.8647,163.0471,16-Jun-09,
154.2584,152.7158,157.7292,17-Jun-09,
151.0131,149.503,154.4109,18-Jun-09,
153.2184,151.6862,156.6658,19-Jun-09,
151.609,150.0929,155.0202,22-Jun-09,
151.2352,149.7228,154.638,23-Jun-09,
153.7468,152.2093,157.2061,24-Jun-09,
153.3058,151.7727,156.7552,25-Jun-09,
155.9388,154.3794,159.4474,26-Jun-09,
158.4751,156.8903,162.0408,29-Jun-09,
154.557,153.0114,158.0345,30-Jun-09,
156.0407,154.4803,159.5516,1-Jul-09,
155.5602,154.0046,159.0603,2-Jul-09,
156.6601,155.0935,160.185,3-Jul-09,
149.897,148.398,153.2697,6-Jul-09,
150.7083,149.2012,154.0992,7-Jul-09,
147.7546,146.2771,151.0791,8-Jul-09,
148.9108,147.4217,152.2613,9-Jul-09,
146.4209,144.9567,149.7154,10-Jul-09,
144.5818,143.136,147.8349,13-Jul-09,
148.9378,147.4484,152.2889,14-Jul-09,
152.9886,151.4587,156.4308,15-Jul-09,
153.786,152.2481,157.2462,16-Jul-09,
156.8017,155.2337,160.3297,17-Jul-09,
160.388,158.7841,163.9967,20-Jul-09,
159.2624,157.6698,162.8458,21-Jul-09,
157.8805,156.3017,161.4328,22-Jul-09,
160.3541,158.7506,163.9621,23-Jul-09,
162.6444,161.018,166.3039,24-Jul-09,
164.1024,162.4614,167.7947,27-Jul-09,
164.7526,163.1051,168.4595,28-Jul-09,
162.101,160.48,165.7483,29-Jul-09,
163.1139,161.4828,166.784,30-Jul-09,
165.0765,163.4257,168.7907,31-Jul-09,
167.0462,165.3757,167.0462,3-Aug-09,
166.6517,164.9852,166.6517,4-Aug-09,
167.9347,166.2554,167.9347,5-Aug-09,
164.3826,162.7388,164.3826,6-Aug-09,
160.8037,159.1957,160.8037,7-Aug-09,
158.4866,156.9017,158.4866,10-Aug-09,
160.3099,158.7068,160.3099,11-Aug-09,
160.8497,159.2412,160.8497,12-Aug-09,
165.7648,164.1072,165.7648,13-Aug-09,
165.5083,163.8532,165.5083,14-Aug-09,
159.9767,158.3769,159.9767,17-Aug-09,
162.1845,160.5627,162.1845,18-Aug-09,
160.1405,158.5391,160.1405,19-Aug-09,
161.9618,160.3422,161.9618,20-Aug-09,
164.3157,162.6725,164.3157,21-Aug-09,
167.6304,165.9541,167.6304,24-Aug-09,
167.5329,165.8576,167.5329,25-Aug-09,
168.9919,167.302,168.9919,26-Aug-09,
168.98,167.2902,168.98,27-Aug-09,
170.6093,168.9032,170.6093,28-Aug-09,
170.2449,168.5425,170.2449,31-Aug-09,
168.655,166.9685,168.655,1-Sep-09,
168.1603,166.4787,168.1603,2-Sep-09,
167.9503,166.2708,167.9503,3-Sep-09,
169.8749,168.1762,169.8749,4-Sep-09,
173.9655,172.2258,173.9655,7-Sep-09,
174.0231,172.2829,174.0231,8-Sep-09,
172.9313,171.202,172.9313,9-Sep-09,
173.1485,171.417,173.1485,10-Sep-09,
172.4218,170.6976,172.4218,11-Sep-09,
172.6387,170.9123,172.6387,14-Sep-09,
175.5756,173.8198,175.5756,15-Sep-09,
177.3266,175.5533,177.3266,16-Sep-09,
177.3662,175.5925,177.3662,17-Sep-09,
177.5889,175.813,177.5889,18-Sep-09,
178.6272,176.8409,178.6272,22-Sep-09,
177.3643,175.5907,177.3643,23-Sep-09,
177.5142,175.7391,177.5142,24-Sep-09,
177.3439,175.5705,177.3439,25-Sep-09,
178.3731,176.5894,178.3731,29-Sep-09,
179.9505,178.151,179.9505,30-Sep-09,
179.9168,178.1176,179.9168,1-Oct-09,
176.4215,174.6573,176.4215,5-Oct-09,
176.6222,174.856,176.6222,6-Oct-09,
177.7213,175.9441,177.7213,7-Oct-09,
178.7611,176.9735,178.7611,8-Oct-09,
178.7662,176.9785,178.7662,9-Oct-09,
181.7705,179.9528,181.7705,12-Oct-09,
184.967,183.1173,184.967,14-Oct-09,
185.3389,183.4855,185.3389,15-Oct-09,
186.5169,184.6517,186.5169,16-Oct-09,
186.0294,184.1691,186.0294,20-Oct-09,
183.5553,181.7197,183.5553,21-Oct-09,
181.7302,179.9129,181.7302,22-Oct-09,
183.2509,181.4184,183.2509,23-Oct-09,
181.0722,179.2615,181.0722,26-Oct-09,
176.2658,174.5031,176.2658,27-Oct-09,
175.6696,173.9129,175.6696,28-Oct-09,
173.875,172.1363,173.875,29-Oct-09,
173.9106,172.1715,173.9106,30-Oct-09,
168.6555,166.9689,168.6555,3-Nov-09,
172.6936,170.9667,172.6936,4-Nov-09,
175.5018,173.7468,175.5018,5-Nov-09,
178.6032,176.8172,178.6032,6-Nov-09,
182.1365,180.3151,182.1365,9-Nov-09,
181.4932,179.6783,181.4932,10-Nov-09,
184.7992,182.9512,184.7992,11-Nov-09,
182.7663,180.9386,182.7663,12-Nov-09,
184.083,182.2422,184.083,13-Nov-09,
185.9405,184.0811,185.9405,16-Nov-09,
186.0433,184.1829,186.0433,17-Nov-09,
186.5719,184.7062,186.5719,18-Nov-09,
184.399,182.555,184.399,19-Nov-09,
185.5907,183.7348,185.5907,20-Nov-09,
185.9564,184.0968,185.9564,23-Nov-09,
185.9493,184.0898,185.9493,24-Nov-09,
186.8134,184.9453,186.8134,25-Nov-09,
184.3235,182.4803,184.3235,26-Nov-09,
181.6069,179.7908,181.6069,27-Nov-09,
185.3012,183.4482,185.3012,30-Nov-09,
188.3127,186.4296,188.3127,1-Dec-09,
188.4492,186.5647,188.4492,2-Dec-09,
189.103,187.212,189.103,3-Dec-09,
189.0411,187.1507,189.0411,4-Dec-09,
187.3833,185.5095,187.3833,7-Dec-09,
190.1376,188.2362,190.1376,8-Dec-09,
188.6174,186.7312,188.6174,9-Dec-09,
189.733,187.8357,189.733,10-Dec-09,
188.8815,186.9927,188.8815,11-Dec-09,
188.1728,186.2911,188.1728,14-Dec-09,
185.7991,183.9411,185.7991,15-Dec-09,
186.555,184.6895,186.555,16-Dec-09,
187.6982,185.8212,187.6982,17-Dec-09,
185.9729,184.1132,185.9729,18-Dec-09,
185.2733,183.4206,185.2733,21-Dec-09,
186.8056,184.9375,186.8056,22-Dec-09,
190.0594,188.1588,190.0594,23-Dec-09,
190.9626,189.053,190.9626,24-Dec-09,
191.6,189.684,191.6,29-Dec-09,
192.1771,190.2553,192.1771,30-Dec-09,
192.8417,190.9133,192.8417,31-Dec-09,
194.5995,192.6535,194.5995,4-Jan-10,
197.1121,195.141,197.1121,5-Jan-10,
198.1393,196.1579,198.1393,6-Jan-10,
198.0989,196.1179,198.0989,7-Jan-10,
197.6766,195.6998,197.6766,8-Jan-10,
199.5413,197.5459,199.5413,11-Jan-10,
197.9531,195.9736,197.9531,12-Jan-10,
198.7841,196.7963,198.7841,13-Jan-10,
200.1612,198.1596,200.1612,14-Jan-10,
200.7692,198.7615,200.7692,15-Jan-10,
201.674,199.6573,201.674,18-Jan-10,
200.289,198.2861,200.289,19-Jan-10,
201.0807,199.0699,201.0807,20-Jan-10,
196.2505,194.288,196.2505,21-Jan-10,
194.0056,192.0655,194.0056,22-Jan-10,
192.0395,190.1191,192.0395,25-Jan-10,
185.3332,183.4799,185.3332,27-Jan-10,
185.8917,184.0328,185.8917,28-Jan-10,
186.5485,184.683,186.5485,29-Jan-10,
189.8232,187.925,189.8232,1-Feb-10,
187.691,185.8141,187.691,2-Feb-10,
191.1306,189.2193,191.1306,3-Feb-10,
187.8841,186.0053,187.8841,4-Feb-10,
183.1914,181.3595,183.1914,5-Feb-10,
185.3936,183.5397,185.3936,8-Feb-10,
187.7346,185.8573,187.7346,9-Feb-10,
187.6521,185.7756,187.6521,10-Feb-10,
189.0317,187.1414,189.0317,11-Feb-10,
187.0591,185.1885,187.0591,15-Feb-10,
188.203,186.321,188.203,16-Feb-10,
190.3019,188.3989,190.3019,17-Feb-10,
189.4101,187.516,189.4101,18-Feb-10,
187.1373,185.2659,187.1373,19-Feb-10,
185.7236,183.8664,185.7236,22-Feb-10,
185.3127,183.4596,185.3127,23-Feb-10,
184.7481,182.9006,184.7481,24-Feb-10,
184.94,183.0906,184.94,25-Feb-10,
187.6991,185.8221,187.6991,26-Feb-10,
191.8596,189.941,191.8596,2-Mar-10,
194.3089,192.3658,194.3089,3-Mar-10,
195.8869,193.928,195.8869,4-Mar-10,
197.0653,195.0946,197.0653,5-Mar-10,
197.9053,195.9262,197.9053,8-Mar-10,
196.7111,194.744,196.7111,9-Mar-10,
196.3099,194.3468,196.3099,10-Mar-10,
196.3877,194.4238,196.3877,11-Mar-10,
196.7609,194.7933,196.7609,12-Mar-10,
195.5352,193.5798,195.5352,15-Mar-10,
197.1477,195.1762,197.1477,16-Mar-10,
198.5847,196.5989,198.5847,17-Mar-10,
199.349,197.3555,199.349,18-Mar-10,
199.9401,197.9407,199.9401,19-Mar-10,
198.4414,196.457,198.4414,22-Mar-10,
198.8432,196.8548,198.8432,23-Mar-10,
199.9564,197.9568,199.9564,25-Mar-10,
200.7163,198.7091,200.7163,26-Mar-10,
200.7275,198.7202,200.7275,29-Mar-10,
200.9125,198.9034,200.9125,30-Mar-10,
201.2391,199.2267,201.2391,31-Mar-10,
202.3964,200.3724,202.3964,1-Apr-10,
204.8435,202.7951,204.8435,5-Apr-10,
205.4042,203.3502,205.4042,6-Apr-10,
206.1526,204.0911,206.1526,7-Apr-10,
204.149,202.1075,204.149,8-Apr-10,
205.7931,203.7352,205.7931,9-Apr-10,
205.5053,203.4502,205.5053,12-Apr-10,
204.4664,202.4217,204.4664,13-Apr-10,
203.9906,201.9507,203.9906,15-Apr-10,
203.3805,201.3467,203.3805,16-Apr-10,
201.1758,199.164,201.1758,19-Apr-10,
202.7499,200.7224,202.7499,20-Apr-10,
203.6064,201.5703,203.6064,21-Apr-10,
203.4994,201.4644,203.4994,22-Apr-10,
203.5404,201.505,203.5404,23-Apr-10,
204.1214,202.0802,204.1214,26-Apr-10,
204.049,202.0085,204.049,27-Apr-10,
201.3729,199.3592,201.3729,28-Apr-10,
202.241,200.2186,202.241,29-Apr-10,
202.9146,200.8855,202.9146,30-Apr-10,
201.616,199.5998,201.616,3-May-10,
198.5355,196.5501,198.5355,4-May-10,
198.9894,196.9995,198.9894,5-May-10,
197.7006,195.7236,197.7006,6-May-10,
194.4221,192.4779,194.4221,7-May-10,
198.9867,196.9968,198.9867,10-May-10,
196.64,194.6736,196.64,11-May-10,
196.2736,194.3109,196.2736,12-May-10,
198.3792,196.3954,198.3792,13-May-10,
197.0796,195.1088,197.0796,14-May-10,
195.7025,193.7455,195.7025,17-May-10,
196.0726,194.1119,196.0726,18-May-10,
191.7049,189.7879,191.7049,19-May-10,
191.4585,189.5439,191.4585,20-May-10,
189.8716,187.9729,189.8716,21-May-10,
189.6523,187.7558,189.6523,24-May-10,
185.3364,183.483,185.3364,25-May-10,
188.1775,186.2957,188.1775,26-May-10,
190.0741,188.1734,190.0741,27-May-10,
191.7865,189.8686,191.7865,28-May-10,
192.5601,190.6345,192.5601,31-May-10,
190.4847,188.5799,190.4847,1-Jun-10,
192.3052,190.3821,192.3052,2-Jun-10,
194.6964,192.7494,194.6964,3-Jun-10,
195.6768,193.72,195.6768,4-Jun-10,
192.9079,190.9788,192.9079,7-Jun-10,
191.5233,189.6081,191.5233,8-Jun-10,
193.4022,191.4682,193.4022,9-Jun-10,
196.639,194.6726,196.639,10-Jun-10,
197.143,195.1716,197.143,11-Jun-10,
198.3453,196.3618,198.3453,14-Jun-10,
198.8811,196.8923,198.8811,15-Jun-10,
199.9882,197.9883,199.9882,16-Jun-10,
200.5846,198.5788,200.5846,17-Jun-10,
198.671,196.6843,198.671,18-Jun-10,
201.1691,199.1574,201.1691,21-Jun-10,
199.9301,197.9308,199.9301,22-Jun-10,
201.475,199.4603,201.475,23-Jun-10,
201.1235,199.1123,201.1235,24-Jun-10,
200.1093,198.1082,200.1093,25-Jun-10,
202.5038,200.4788,202.5038,28-Jun-10,
200.9104,198.9013,200.9104,29-Jun-10,
202.8684,200.8397,202.8684,30-Jun-10,
201.6884,199.6715,201.6884,1-Jul-10,
201.1262,199.1149,201.1262,2-Jul-10,
201.9302,199.9109,201.9302,5-Jul-10,
203.6575,201.6209,203.6575,6-Jul-10,
203.2964,201.2634,203.2964,7-Jul-10,
204.6642,202.6176,204.6642,8-Jul-10,
207.8472,205.7687,207.8472,9-Jul-10,
208.6091,206.523,208.6091,12-Jul-10,
208.5522,206.4667,208.5522,13-Jul-10,
207.2134,205.1413,207.2134,14-Jul-10,
206.2249,204.1627,206.2249,15-Jul-10,
207.2077,205.1356,207.2077,16-Jul-10,
207.1793,205.1075,207.1793,19-Jul-10,
206.284,204.2212,206.284,20-Jul-10,
207.0001,204.9301,207.0001,21-Jul-10,
207.908,205.8289,207.908,22-Jul-10,
208.5794,206.4936,208.5794,23-Jul-10,
207.9131,205.834,207.9131,26-Jul-10,
208.5206,206.4354,208.5206,27-Jul-10,
208.8107,206.7226,208.8107,28-Jul-10,
208.9928,206.9029,208.9928,29-Jul-10,
208.681,206.5942,208.681,30-Jul-10,
210.6841,208.5773,210.6841,2-Aug-10,
211.787,209.6691,211.787,3-Aug-10,
212.6237,210.4975,212.6237,4-Aug-10,
212.4307,210.3064,212.4307,5-Aug-10,
212.1141,209.993,212.1141,6-Aug-10,
214.1142,211.9731,214.1142,9-Aug-10,
212.9338,210.8045,212.9338,10-Aug-10,
211.3635,209.2499,211.3635,11-Aug-10,
211.8216,209.7034,211.8216,12-Aug-10,
213.1866,211.0547,213.1866,13-Aug-10,
213.0916,210.9607,213.0916,16-Aug-10,
214.1448,212.0034,214.1448,17-Aug-10,
215.9948,213.8349,215.9948,18-Aug-10,
218.5661,216.3804,218.5661,19-Aug-10,
217.8447,215.6663,217.8447,20-Aug-10,
220.0791,217.8783,220.0791,23-Aug-10,
218.8729,216.6842,218.8729,24-Aug-10,
216.5265,214.3612,216.5265,25-Aug-10,
217.7532,215.5757,217.7532,26-Aug-10,
216.3778,214.214,216.3778,27-Aug-10,
216.9781,214.8083,216.9781,30-Aug-10,
216.4591,214.2945,216.4591,31-Aug-10,
219.7432,217.5458,219.7432,1-Sep-10,
220.3117,218.1086,220.3117,2-Sep-10,
221.718,219.5008,221.718,3-Sep-10,
224.9842,222.7344,224.9842,6-Sep-10,
226.487,224.2221,226.487,7-Sep-10,
227.2318,224.9595,227.2318,8-Sep-10,
228.2215,225.9393,228.2215,9-Sep-10,
230.3697,228.066,230.3697,13-Sep-10,
231.4327,229.1184,231.4327,14-Sep-10,
232.4181,230.0939,232.4181,15-Sep-10,
229.8841,227.5853,229.8841,16-Sep-10,
232.7706,230.4429,232.7706,17-Sep-10,
235.2018,232.8498,235.2018,20-Sep-10,
234.8515,232.503,234.8515,21-Sep-10,
234.2817,231.9389,234.2817,22-Sep-10,
232.8602,230.5316,232.8602,23-Sep-10,
235.1883,232.8364,235.1883,24-Sep-10,
236.2004,233.8384,236.2004,27-Sep-10,
236.1091,233.748,236.1091,28-Sep-10,
234.5479,232.2024,234.5479,29-Sep-10,
233.9921,231.6522,233.9921,30-Sep-10,
238.4322,236.0479,238.4322,1-Oct-10,
239.2435,236.8511,239.2435,4-Oct-10,
239.5453,237.1498,239.5453,5-Oct-10,
241.818,239.3998,241.818,6-Oct-10,
239.9327,237.5334,239.9327,7-Oct-10,
237.8965,235.5175,237.8965,8-Oct-10,
239.1001,236.7091,239.1001,11-Oct-10,
237.4558,235.0812,237.4558,12-Oct-10,
240.7309,238.3236,240.7309,13-Oct-10,
238.8902,236.5013,238.8902,14-Oct-10,
235.0602,232.7096,235.0602,15-Oct-10,
234.3224,231.9792,234.3224,18-Oct-10,
233.9975,231.6575,233.9975,19-Oct-10,
232.0481,229.7276,232.0481,20-Oct-10,
235.3013,232.9483,235.3013,21-Oct-10,
234.9625,232.6129,234.9625,22-Oct-10,
236.5824,234.2166,236.5824,25-Oct-10,
235.3521,232.9986,235.3521,26-Oct-10,
232.8458,230.5173,232.8458,27-Oct-10,
232.3118,229.9887,232.3118,28-Oct-10,
231.4477,229.1332,231.4477,29-Oct-10,
235.0816,232.7308,235.0816,1-Nov-10,
235.5485,233.193,235.5485,2-Nov-10,
236.3764,234.0126,236.3764,3-Nov-10,
239.7761,237.3783,239.7761,4-Nov-10,
239.7789,237.3811,239.7789,8-Nov-10,
241.3363,238.9229,241.3363,9-Nov-10,
241.2134,238.8013,241.2134,10-Nov-10,
238.2131,235.831,238.2131,11-Nov-10,
233.0302,230.6999,233.0302,12-Nov-10,
233.4028,231.0688,233.4028,15-Nov-10,
230.0305,227.7302,230.0305,16-Nov-10,
231.0706,228.7599,231.0706,18-Nov-10,
227.6638,225.3872,227.6638,19-Nov-10,
230.3722,228.0685,230.3722,22-Nov-10,
228.4336,226.1493,228.4336,23-Nov-10,
226.6887,224.4218,226.6887,24-Nov-10,
224.5264,222.2811,224.5264,25-Nov-10,
221.9564,219.7368,221.9564,26-Nov-10,
224.2926,222.0497,224.2926,29-Nov-10,
227.0351,224.7647,227.0351,30-Nov-10,
230.1301,227.8288,230.1301,1-Dec-10,
230.9489,228.6394,230.9489,2-Dec-10,
229.977,227.6772,229.977,3-Dec-10,
229.3686,227.0749,229.3686,6-Dec-10,
228.357,226.0734,228.357,7-Dec-10,
226.2292,223.9669,226.2292,8-Dec-10,
220.0727,217.872,220.0727,9-Dec-10,
222.7487,220.5212,222.7487,10-Dec-10,
224.6999,222.4529,224.6999,13-Dec-10,
226.7191,224.4519,226.7191,14-Dec-10,
224.5944,222.3485,224.5944,15-Dec-10,
225.9298,223.6705,225.9298,16-Dec-10,
225.0068,222.7567,225.0068,20-Dec-10,
226.2771,224.0143,226.2771,21-Dec-10,
226.779,224.5112,226.779,22-Dec-10,
226.229,223.9667,226.229,23-Dec-10,
226.6081,224.342,226.6081,24-Dec-10,
225.3759,223.1221,225.3759,27-Dec-10,
225.6274,223.3711,225.6274,28-Dec-10,
227.812,225.5339,227.812,29-Dec-10,
228.6886,226.4017,228.6886,30-Dec-10,
230.4102,228.1061,230.4102,31-Dec-10,
232.3667,230.043,232.3667,3-Jan-11,
231.6433,229.3269,231.6433,4-Jan-11,
229.4878,227.1929,229.4878,5-Jan-11,
228.6888,226.4019,228.6888,6-Jan-11,
223.5753,221.3395,223.5753,7-Jan-11,
219.8237,217.6255,219.8237,10-Jan-11,
220.0102,217.8101,220.0102,11-Jan-11,
223.6283,221.392,223.6283,12-Jan-11,
220.6012,218.3952,220.6012,13-Jan-11,
217.7338,215.5565,217.7338,14-Jan-11,
217.9463,215.7668,217.9463,17-Jan-11,
218.8208,216.6326,218.8208,18-Jan-11,
219.3065,217.1134,219.3065,19-Jan-11,
219.5757,217.3799,219.5757,20-Jan-11,
219.7557,217.5581,219.7557,21-Jan-11,
221.2264,219.0141,221.2264,24-Jan-11,
219.4066,217.2125,219.4066,25-Jan-11,
216.6912,214.5243,216.6912,27-Jan-11,
213.1679,211.0362,213.1679,28-Jan-11,
213.1392,211.0078,213.1392,31-Jan-11,
209.523,207.4278,209.523,1-Feb-11,
210.3871,208.2832,210.3871,2-Feb-11,
213.4094,211.2753,213.4094,3-Feb-11,
209.4697,207.375,209.4697,4-Feb-11,
208.5892,206.5033,208.5892,7-Feb-11,
205.4865,203.4316,205.4865,8-Feb-11,
203.1537,201.1222,203.1537,9-Feb-11,
202.6543,200.6278,202.6543,10-Feb-11,
205.3825,203.3287,205.3825,11-Feb-11,
210.7238,208.6166,210.7238,14-Feb-11,
211.9589,209.8393,211.9589,15-Feb-11,
211.9672,209.8475,211.9672,16-Feb-11,
214.2602,212.1176,214.2602,17-Feb-11,
210.9818,208.872,210.9818,18-Feb-11,
212.1651,210.0434,212.1651,21-Feb-11,
210.1423,208.0409,210.1423,22-Feb-11,
208.6915,206.6046,208.6915,23-Feb-11,
203.499,201.464,203.499,24-Feb-11,
204.0647,202.0241,204.0647,25-Feb-11,
204.5364,202.491,204.5364,28-Feb-11,
210.6518,208.5453,210.6518,1-Mar-11,
210.7817,208.6739,210.7817,3-Mar-11,
211.2387,209.1263,211.2387,4-Mar-11,
209.5891,207.4932,209.5891,7-Mar-11,
211.8225,209.7043,211.8225,8-Mar-11,
212.2982,210.1752,212.2982,9-Mar-11,
211.5557,209.4401,211.5557,10-Mar-11,
210.1164,208.0152,210.1164,11-Mar-11,
212.2292,210.1069,212.2292,14-Mar-11,
209.5668,207.4711,209.5668,15-Mar-11,
212.532,210.4067,212.532,16-Mar-11,
211.7056,209.5885,211.7056,17-Mar-11,
209.6787,207.5819,209.6787,18-Mar-11,
209.5077,207.4126,209.5077,21-Mar-11,
211.3553,209.2417,211.3553,22-Mar-11,
213.1968,211.0648,213.1968,23-Mar-11,
214.4918,212.3469,214.4918,24-Mar-11,
218.1119,215.9308,218.1119,25-Mar-11,
219.3194,217.1262,219.3194,28-Mar-11,
220.9844,218.7746,220.9844,29-Mar-11,
223.2427,221.0103,223.2427,30-Mar-11,
224.0997,221.8587,224.0997,31-Mar-11,
224.2839,222.0411,224.2839,1-Apr-11,
227.4657,225.191,227.4657,4-Apr-11,
227.8052,225.5271,227.8052,5-Apr-11,
227.6392,225.3628,227.6392,6-Apr-11,
227.9488,225.6693,227.9488,7-Apr-11,
225.8697,223.611,225.8697,8-Apr-11,
225.0481,222.7976,225.0481,11-Apr-11,
228.3158,226.0326,228.3158,13-Apr-11,
225.4996,223.2446,225.4996,15-Apr-11,
222.8565,220.6279,222.8565,18-Apr-11,
223.3967,221.1627,223.3967,19-Apr-11,
226.6269,224.3606,226.6269,20-Apr-11,
226.9334,224.6641,226.9334,21-Apr-11,
227.2907,225.0178,227.2907,25-Apr-11,
227.6315,225.3552,227.6315,26-Apr-11,
227.5603,225.2847,227.5603,27-Apr-11,
226.3678,224.1041,226.3678,28-Apr-11,
224.4311,222.1868,224.4311,29-Apr-11,
222.6617,220.4351,222.6617,2-May-11,
219.3868,217.1929,219.3868,3-May-11,
217.8677,215.689,217.8677,4-May-11,
215.2352,213.0828,215.2352,5-May-11,
217.7257,215.5484,217.7257,6-May-11,
218.9785,216.7887,218.9785,9-May-11,
218.42,216.2358,218.42,10-May-11,
219.8456,217.6471,219.8456,11-May-11,
217.7213,215.5441,217.7213,12-May-11,
219.1646,216.973,219.1646,13-May-11,
217.9101,215.731,217.9101,16-May-11,
216.4516,214.2871,216.4516,17-May-11,
215.1752,213.0234,215.1752,18-May-11,
214.961,212.8114,214.961,19-May-11,
217.1561,214.9845,217.1561,20-May-11,
214.2386,212.0962,214.2386,23-May-11,
215.2436,213.0912,215.2436,24-May-11,
214.5467,212.4012,214.5467,25-May-11,
215.917,213.7578,215.917,26-May-11,
218.3925,216.2086,218.3925,27-May-11,
218.9486,216.7591,218.9486,30-May-11,
221.3675,219.1538,221.3675,31-May-11,
222.1574,219.9358,222.1574,1-Jun-11,
220.9129,218.7038,220.9129,2-Jun-11,
220.215,218.0129,220.215,3-Jun-11,
220.453,218.2485,220.453,6-Jun-11,
221.449,219.2345,221.449,7-Jun-11,
220.7571,218.5495,220.7571,8-Jun-11,
220.7739,218.5662,220.7739,9-Jun-11,
219.445,217.2506,219.445,10-Jun-11,
219.6072,217.4111,219.6072,13-Jun-11,
220.3963,218.1923,220.3963,14-Jun-11,
218.9243,216.7351,218.9243,15-Jun-11,
217.3561,215.1825,217.3561,16-Jun-11,
217.1633,214.9917,217.1633,17-Jun-11,
213.9199,211.7807,213.9199,20-Jun-11,
215.2166,213.0644,215.2166,21-Jun-11,
213.8679,211.7292,213.8679,22-Jun-11,
214.3853,212.2414,214.3853,23-Jun-11,
218.3459,216.1624,218.3459,24-Jun-11,
220.6687,218.462,220.6687,27-Jun-11,
221.3064,219.0933,221.3064,28-Jun-11,
223.0727,220.842,223.0727,29-Jun-11,
223.3016,221.0686,223.3016,30-Jun-11,
222.8284,220.6001,222.8284,1-Jul-11,
224.3915,222.1476,224.3915,4-Jul-11,
224.0566,221.816,224.0566,5-Jul-11,
224.0383,221.7979,224.0383,6-Jul-11,
227.1258,224.8545,227.1258,7-Jul-11,
224.9688,222.7191,224.9688,8-Jul-11,
223.3274,221.0941,223.3274,11-Jul-11,
220.6544,218.4479,220.6544,12-Jul-11,
223.0177,220.7875,223.0177,13-Jul-11,
222.6964,220.4694,222.6964,14-Jul-11,
222.0264,219.8061,222.0264,15-Jul-11,
221.4892,219.2743,221.4892,18-Jul-11,
222.2671,220.0444,222.2671,19-Jul-11,
220.089,217.8881,220.089,20-Jul-11,
219.6888,217.4919,219.6888,21-Jul-11,
223.5095,221.2744,223.5095,22-Jul-11,
225.9915,223.7316,225.9915,25-Jul-11,
223.1959,220.9639,223.1959,26-Jul-11,
224.0621,221.8215,224.0621,27-Jul-11,
221.6468,219.4303,221.6468,28-Jul-11,
222.0321,219.8118,222.0321,29-Jul-11,
223.4303,221.196,223.4303,1-Aug-11,
221.1175,218.9063,221.1175,2-Aug-11,
219.6978,217.5008,219.6978,3-Aug-11,
218.3232,216.14,218.3232,4-Aug-11,
214.2619,212.1193,214.2619,5-Aug-11,
211.4259,209.3116,211.4259,8-Aug-11,
209.75,207.6525,209.75,9-Aug-11,
212.3763,210.2525,212.3763,10-Aug-11,
211.2114,209.0993,211.2114,11-Aug-11,
208.6319,206.5456,208.6319,12-Aug-11,
207.4197,205.3455,207.4197,16-Aug-11,
207.4718,205.3971,207.4718,17-Aug-11,
204.0161,201.9759,204.0161,18-Aug-11,
200.7821,198.7743,200.7821,19-Aug-11,
203.0351,201.0047,203.0351,22-Aug-11,
204.8957,202.8467,204.8957,23-Aug-11,
203.4817,201.4469,203.4817,24-Aug-11,
202.3953,200.3713,202.3953,25-Aug-11,
198.7698,196.7821,198.7698,26-Aug-11,
204.1262,202.0849,204.1262,29-Aug-11,
207.1369,205.0655,207.1369,30-Aug-11,
208.6988,206.6118,208.6988,2-Sep-11,
208.6473,206.5608,208.6473,5-Sep-11,
209.3935,207.2996,209.3935,6-Sep-11,
211.8686,209.7499,211.8686,7-Sep-11,
212.5005,210.3755,212.5005,8-Sep-11,
209.263,207.1704,209.263,9-Sep-11,
205.8862,203.8273,205.8862,12-Sep-11,
206.1158,204.0546,206.1158,13-Sep-11,
208.4457,206.3612,208.4457,14-Sep-11,
209.8401,207.7417,209.8401,15-Sep-11,
209.4307,207.3364,209.4307,16-Sep-11,
208.8344,206.7461,208.8344,19-Sep-11,
211.4806,209.3658,211.4806,20-Sep-11,
212.456,210.3314,212.456,21-Sep-11,
205.9954,203.9354,205.9954,22-Sep-11,
204.9073,202.8582,204.9073,23-Sep-11,
203.8391,201.8007,203.8391,26-Sep-11,
207.8648,205.7862,207.8648,27-Sep-11,
206.7214,204.6542,206.7214,28-Sep-11,
208.7676,206.6799,208.7676,29-Sep-11,
207.2344,205.1621,207.2344,30-Sep-11,
204.1252,202.0839,204.1252,3-Oct-11,
201.2648,199.2522,201.2648,4-Oct-11,
199.9886,197.9887,199.9886,5-Oct-11,
202.406,200.3819,202.406,7-Oct-11,
205.5846,203.5288,205.5846,10-Oct-11,
205.6723,203.6156,205.6723,11-Oct-11,
209.4841,207.3893,209.4841,12-Oct-11,
208.9964,206.9064,208.9964,13-Oct-11,
211.8456,209.7271,211.8456,14-Oct-11,
211.4583,209.3437,211.4583,17-Oct-11,
209.2656,207.1729,209.2656,18-Oct-11,
212.425,210.3008,212.425,19-Oct-11,
211.2911,209.1782,211.2911,20-Oct-11,
209.7885,207.6906,209.7885,21-Oct-11,
211.1604,209.0488,211.1604,24-Oct-11,
213.697,211.56,213.697,25-Oct-11,
217.9683,215.7886,217.9683,28-Oct-11,
217.6176,215.4414,217.6176,31-Oct-11,
216.5683,214.4026,216.5683,1-Nov-11,
215.7646,213.607,215.7646,2-Nov-11,
216.2463,214.0838,216.2463,3-Nov-11,
216.984,214.8142,216.984,4-Nov-11,
216.8875,214.7186,216.8875,8-Nov-11,
214.3869,212.243,214.3869,9-Nov-11,
212.437,210.3126,212.437,11-Nov-11,
212.3435,210.2201,212.3435,14-Nov-11,
209.1247,207.0335,209.1247,15-Nov-11,
207.8883,205.8094,207.8883,16-Nov-11,
205.4044,203.3504,205.4044,17-Nov-11,
204.9082,202.8591,204.9082,18-Nov-11,
200.7564,198.7488,200.7564,21-Nov-11,
200.9528,198.9433,200.9528,22-Nov-11,
197.0299,195.0596,197.0299,23-Nov-11,
200.0115,198.0114,200.0115,24-Nov-11,
199.1634,197.1718,199.1634,25-Nov-11,
203.264,201.2314,203.264,28-Nov-11,
201.2968,199.2838,201.2968,29-Nov-11,
202.0206,200.0004,202.0206,30-Nov-11,
204.2923,202.2494,204.2923,1-Dec-11,
208.1033,206.0223,208.1033,2-Dec-11,
207.4414,205.367,207.4414,5-Dec-11,
206.5727,204.507,206.5727,7-Dec-11,
202.8659,200.8372,202.8659,8-Dec-11,
200.6112,198.6051,200.6112,9-Dec-11,
196.7741,194.8064,196.7741,12-Dec-11,
198.4506,196.4661,198.4506,13-Dec-11,
197.3885,195.4146,197.3885,14-Dec-11,
196.2402,194.2778,196.2402,15-Dec-11,
193.8656,191.9269,193.8656,16-Dec-11,
191.6073,189.6912,191.6073,19-Dec-11,
189.024,187.1338,189.024,20-Dec-11,
193.7444,191.807,193.7444,21-Dec-11,
194.5477,192.6022,194.5477,22-Dec-11,
193.4969,191.5619,193.4969,23-Dec-11,
195.965,194.0054,195.965,26-Dec-11,
194.8139,192.8658,194.8139,27-Dec-11,
193.8197,191.8815,193.8197,28-Dec-11,
192.7652,190.8375,192.7652,29-Dec-11,
192.5737,190.648,192.5737,30-Dec-11,
192.3978,190.4738,192.3978,2-Jan-12,
197.4517,195.4772,197.4517,3-Jan-12,
197.2243,195.2521,197.2243,4-Jan-12,
196.3791,194.4153,196.3791,5-Jan-12,
195.5331,193.5778,195.5331,6-Jan-12,
195.5634,193.6078,195.5634,9-Jan-12,
199.1494,197.1579,199.1494,10-Jan-12,
199.7414,197.744,199.7414,11-Jan-12,
198.9576,196.968,198.9576,12-Jan-12,
200.4691,198.4644,200.4691,13-Jan-12,
200.3917,198.3878,200.3917,16-Jan-12,
203.0879,201.057,203.0879,17-Jan-12,
201.49,199.4751,201.49,18-Jan-12,
202.8552,200.8266,202.8552,19-Jan-12,
204.0359,201.9955,204.0359,20-Jan-12,
204.095,202.0541,204.095,23-Jan-12,
206.2226,204.1604,206.2226,24-Jan-12,
207.6972,205.6202,207.6972,25-Jan-12,
210.2448,208.1424,210.2448,27-Jan-12,
206.0007,203.9407,206.0007,30-Jan-12,
210.1076,208.0065,210.1076,31-Jan-12,
211.3556,209.242,211.3556,1-Feb-12,
213.9679,211.8282,213.9679,2-Feb-12,
216.1426,213.9812,216.1426,3-Feb-12,
217.3779,215.2041,217.3779,6-Feb-12,
216.613,214.4469,216.613,7-Feb-12,
216.5512,214.3857,216.5512,8-Feb-12,
217.5586,215.383,217.5586,9-Feb-12,
217.9339,215.7546,217.9339,10-Feb-12,
219.291,217.0981,219.291,13-Feb-12,
219.2897,217.0968,219.2897,14-Feb-12,
223.1408,220.9094,223.1408,15-Feb-12,
222.3302,220.1069,222.3302,16-Feb-12,
222.6411,220.4147,222.6411,17-Feb-12,
223.6519,221.4154,223.6519,21-Feb-12,
220.0474,217.8469,220.0474,22-Feb-12,
219.6553,217.4587,219.6553,23-Feb-12,
219.539,217.3436,219.539,24-Feb-12,
215.4531,213.2986,215.4531,27-Feb-12,
219.4504,217.2559,219.4504,28-Feb-12,
220.3655,218.1618,220.3655,29-Feb-12,
219.1287,216.9374,219.1287,1-Mar-12,
219.0602,216.8696,219.0602,2-Mar-12,
216.4129,214.2488,216.4129,5-Mar-12,
214.8071,212.659,214.8071,6-Mar-12,
214.5658,212.4201,214.5658,7-Mar-12,
218.0768,215.896,218.0768,9-Mar-12,
218.6176,216.4314,218.6176,12-Mar-12,
220.5101,218.305,220.5101,13-Mar-12,
221.5088,219.2937,221.5088,14-Mar-12,
219.3931,217.1992,219.3931,15-Mar-12,
217.2284,215.0561,217.2284,16-Mar-12,
215.5108,213.3557,215.5108,19-Mar-12,
216.4894,214.3245,216.4894,20-Mar-12,
219.5315,217.3362,219.5315,21-Mar-12,
215.7537,213.5962,215.7537,22-Mar-12,
217.7531,215.5756,217.7531,23-Mar-12,
214.895,212.7461,214.895,26-Mar-12,
216.4833,214.3185,216.4833,27-Mar-12,
215.3403,213.1869,215.3403,28-Mar-12,
215.4036,213.2496,215.4036,29-Mar-12,
220.4207,218.2165,220.4207,30-Mar-12,
221.6714,219.4547,221.6714,2-Apr-12,
223.2625,221.0299,223.2625,3-Apr-12,
222.5704,220.3447,222.5704,4-Apr-12,
220.2329,218.0306,220.2329,9-Apr-12,
219.5355,217.3401,219.5355,10-Apr-12,
219.0175,216.8273,219.0175,11-Apr-12,
219.8646,217.666,219.8646,12-Apr-12,
217.1498,214.9783,217.1498,13-Apr-12,
217.1791,215.0073,217.1791,16-Apr-12,
219.1459,216.9544,219.1459,17-Apr-12,
219.758,217.5604,219.758,18-Apr-12,
220.8431,218.6347,220.8431,19-Apr-12,
219.6984,217.5014,219.6984,20-Apr-12,
215.6305,213.4742,215.6305,23-Apr-12,
214.9326,212.7833,214.9326,24-Apr-12,
214.6144,212.4683,214.6144,25-Apr-12,
214.3926,212.2487,214.3926,26-Apr-12,
214.6008,212.4548,214.6008,27-Apr-12,
216.5678,214.4021,216.5678,30-Apr-12,
216.9311,214.7618,216.9311,2-May-12,
215.04,212.8896,215.04,3-May-12,
211.8073,209.6892,211.8073,4-May-12,
212.9241,210.7949,212.9241,7-May-12,
210.4987,208.3937,210.4987,8-May-12,
208.5978,206.5118,208.5978,9-May-12,
208.9273,206.838,208.9273,10-May-12,
207.3411,205.2677,207.3411,11-May-12,
205.3207,203.2675,205.3207,14-May-12,
206.3084,204.2453,206.3084,15-May-12,
203.8409,201.8025,203.8409,16-May-12,
203.427,201.3927,203.427,17-May-12,
204.0452,202.0047,204.0452,18-May-12,
204.0455,202.005,204.0455,21-May-12,
202.382,200.3582,202.382,22-May-12,
201.0289,199.0186,201.0289,23-May-12,
204.1656,202.1239,204.1656,24-May-12,
204.8694,202.8207,204.8694,25-May-12,
207.426,205.3517,207.426,28-May-12,
207.091,205.0201,207.091,29-May-12,
205.5376,203.4822,205.5376,30-May-12,
205.9913,203.9314,205.9913,31-May-12,
203.3354,201.302,203.3354,1-Jun-12,
202.8582,200.8296,202.8582,4-Jun-12,
202.9997,200.9697,202.9997,5-Jun-12,
206.6491,204.5826,206.6491,6-Jun-12,
208.6179,206.5317,208.6179,7-Jun-12,
209.0572,206.9666,209.0572,8-Jun-12,
208.8603,206.7717,208.8603,11-Jun-12,
210.4105,208.3064,210.4105,12-Jun-12,
210.0669,207.9662,210.0669,13-Jun-12,
207.6007,205.5247,207.6007,14-Jun-12,
210.6757,208.5689,210.6757,15-Jun-12,
208.2852,206.2023,208.2852,18-Jun-12,
209.3663,207.2726,209.3663,19-Jun-12,
210.2331,208.1308,210.2331,20-Jun-12,
211.7746,209.6569,211.7746,21-Jun-12,
211.964,209.8444,211.964,22-Jun-12,
210.8117,208.7036,210.8117,25-Jun-12,
211.292,209.1791,211.292,26-Jun-12,
212.3474,210.2239,212.3474,27-Jun-12,
212.4921,210.3672,212.4921,28-Jun-12,
217.1948,215.0229,217.1948,29-Jun-12,
218.228,216.0457,218.228,2-Jul-12,
219.4265,217.2322,219.4265,3-Jul-12,
219.9022,217.7032,219.9022,4-Jul-12,
220.955,218.7455,220.955,5-Jul-12,
220.3004,218.0974,220.3004,6-Jul-12,
218.9068,216.7177,218.9068,9-Jul-12,
220.645,218.4386,220.645,10-Jul-12,
219.418,217.2238,219.418,11-Jul-12,
217.4088,215.2347,217.4088,12-Jul-12,
217.0931,214.9222,217.0931,13-Jul-12,
217.1201,214.9489,217.1201,16-Jul-12,
217.1799,215.0081,217.1799,17-Jul-12,
217.877,215.6982,217.877,18-Jul-12,
218.1433,215.9619,218.1433,19-Jul-12,
217.3194,215.1462,217.3194,20-Jul-12,
214.229,212.0867,214.229,23-Jul-12,
214.7725,212.6248,214.7725,24-Jul-12,
214.3143,212.1712,214.3143,25-Jul-12,
212.9251,210.7958,212.9251,26-Jul-12,
214.4343,212.29,214.4343,27-Jul-12,
217.2233,215.0511,217.2233,30-Jul-12,
217.9585,215.7789,217.9585,31-Jul-12,
218.7616,216.574,218.7616,1-Aug-12,
219.1859,216.994,219.1859,2-Aug-12,
218.8883,216.6994,218.8883,3-Aug-12,
220.6595,218.4529,220.6595,6-Aug-12,
221.5468,219.3313,221.5468,7-Aug-12,
220.4069,218.2028,220.4069,8-Aug-12,
219.2671,217.0744,219.2671,9-Aug-12,
219.1802,216.9884,219.1802,10-Aug-12,
220.0393,217.8389,220.0393,13-Aug-12,
221.9095,219.6904,221.9095,14-Aug-12,
221.9007,219.6817,221.9007,16-Aug-12,
222.2111,219.989,222.2111,17-Aug-12,
223.1157,220.8845,223.1157,21-Aug-12,
222.6101,220.384,222.6101,22-Aug-12,
222.444,220.2196,222.444,23-Aug-12,
221.9264,219.7071,221.9264,24-Aug-12,
221.0593,218.8487,221.0593,27-Aug-12,
220.0583,217.8577,220.0583,28-Aug-12,
218.8312,216.6429,218.8312,29-Aug-12,
219.8845,217.6857,219.8845,30-Aug-12,
219.4043,217.2103,219.4043,31-Aug-12,
219.1748,216.9831,219.1748,3-Sep-12,
219.4377,217.2433,219.4377,4-Sep-12,
217.7317,215.5544,217.7317,5-Sep-12,
218.6099,216.4238,218.6099,6-Sep-12,
221.3902,219.1763,221.3902,7-Sep-12,
222.1734,219.9517,222.1734,10-Sep-12,
223.2401,221.0077,223.2401,11-Sep-12,
224.1524,221.9109,224.1524,12-Sep-12,
224.4146,222.1705,224.4146,13-Sep-12,
226.9751,224.7053,226.9751,14-Sep-12,
228.2946,226.0117,228.2946,17-Sep-12,
227.9669,225.6872,227.9669,18-Sep-12,
226.6154,224.3492,226.6154,20-Sep-12,
231.2013,228.8893,231.2013,21-Sep-12,
231.5611,229.2455,231.5611,24-Sep-12,
232.9234,230.5942,232.9234,25-Sep-12,
232.6352,230.3088,232.6352,26-Sep-12,
232.2741,229.9514,232.2741,27-Sep-12,
235.1855,232.8336,235.1855,28-Sep-12,
236.4451,234.0806,236.4451,1-Oct-12,
237.1424,234.771,237.1424,3-Oct-12,
237.9993,235.6193,237.9993,4-Oct-12,
236.0381,233.6777,236.0381,5-Oct-12,
234.2076,231.8655,234.2076,8-Oct-12,
235.3337,232.9804,235.3337,9-Oct-12,
233.7125,231.3754,233.7125,10-Oct-12,
234.829,232.4807,234.829,11-Oct-12,
233.454,231.1195,233.454,12-Oct-12,
234.47,232.1253,234.47,15-Oct-12,
234.0662,231.7255,234.0662,16-Oct-12,
236.3918,234.0279,236.3918,17-Oct-12,
238.3851,236.0012,238.3851,18-Oct-12,
237.839,235.4606,237.839,19-Oct-12,
238.1568,235.7752,238.1568,22-Oct-12,
237.1548,234.7833,237.1548,23-Oct-12,
237.7029,235.3259,237.7029,25-Oct-12,
235.6279,233.2716,235.6279,26-Oct-12,
235.0471,232.6966,235.0471,29-Oct-12,
233.4888,231.1539,233.4888,30-Oct-12,
235.0672,232.7165,235.0672,31-Oct-12,
236.4341,234.0698,236.4341,1-Nov-12,
236.9496,234.5801,236.9496,2-Nov-12,
237.122,234.7508,237.122,5-Nov-12,
238.9271,236.5378,238.9271,6-Nov-12,
239.3293,236.936,239.3293,7-Nov-12,
238.1273,235.746,238.1273,8-Nov-12,
236.7093,234.3422,236.7093,9-Nov-12,
237.9157,235.5365,237.9157,12-Nov-12,
238.3713,235.9876,238.3713,15-Nov-12,
236.5602,234.1946,236.5602,16-Nov-12,
235.9857,233.6258,235.9857,19-Nov-12,
235.5785,233.2227,235.5785,20-Nov-12,
236.5039,234.1389,236.5039,21-Nov-12,
238.0629,235.6823,238.0629,22-Nov-12,
237.787,235.4091,237.787,23-Nov-12,
240.1314,237.7301,240.1314,26-Nov-12,
243.1151,240.6839,243.1151,27-Nov-12,
246.7738,244.3061,246.7738,29-Nov-12,
249.2417,246.7493,249.2417,30-Nov-12,
250.3179,247.8147,250.3179,3-Dec-12,
249.9877,247.4878,249.9877,4-Dec-12,
249.376,246.8822,249.376,5-Dec-12,
249.8249,247.3267,249.8249,6-Dec-12,
249.0177,246.5275,249.0177,7-Dec-12,
248.8515,246.363,248.8515,10-Dec-12,
247.3422,244.8688,247.3422,11-Dec-12,
247.0795,244.6087,247.0795,12-Dec-12,
246.8277,244.3594,246.8277,13-Dec-12,
247.7316,245.2543,247.7316,14-Dec-12,
248.0065,245.5264,248.0065,17-Dec-12,
248.9916,246.5017,248.9916,18-Dec-12,
250.6384,248.132,250.6384,19-Dec-12,
250.2845,247.7817,250.2845,20-Dec-12,
247.671,245.1943,247.671,21-Dec-12,
248.6692,246.1825,248.6692,24-Dec-12,
250.9191,248.4099,250.9191,26-Dec-12,
249.9593,247.4597,249.9593,27-Dec-12,
251.2737,248.761,251.2737,28-Dec-12,
252.3438,249.8204,252.3438,31-Dec-12,
253.6914,251.1545,253.6914,1-Jan-13,
254.5831,252.0373,254.5831,2-Jan-13,
255.8842,253.3254,255.8842,3-Jan-13,
256.621,254.0548,256.621,4-Jan-13,
256.8791,254.3103,256.8791,7-Jan-13,
256.8502,254.2817,256.8502,8-Jan-13,
256.8864,254.3175,256.8864,9-Jan-13,
256.9648,254.3952,256.9648,10-Jan-13,
255.7857,253.2278,255.7857,11-Jan-13,
258.2288,255.6465,258.2288,14-Jan-13,
259.5659,256.9702,259.5659,15-Jan-13,
257.3978,254.8238,257.3978,16-Jan-13,
258.7803,256.1925,258.7803,17-Jan-13,
258.1592,255.5776,258.1592,18-Jan-13,
258.6886,256.1017,258.6886,21-Jan-13,
257.7908,255.2129,257.7908,22-Jan-13,
258.0695,255.4888,258.0695,23-Jan-13,
255.7054,253.1483,255.7054,24-Jan-13,
257.1993,254.6273,257.1993,25-Jan-13,
256.9986,254.4286,256.9986,28-Jan-13,
255.9648,253.4052,255.9648,29-Jan-13,
256.5401,253.9747,256.5401,30-Jan-13,
255.752,253.1945,255.752,31-Jan-13,
255.2799,252.7271,255.2799,1-Feb-13,
254.1787,251.6369,254.1787,4-Feb-13,
252.8169,250.2887,252.8169,5-Feb-13,
252.1893,249.6674,252.1893,6-Feb-13,
251.4445,248.9301,251.4445,7-Feb-13,
249.7817,247.2839,249.7817,8-Feb-13,
249.2708,246.7781,249.2708,11-Feb-13,
250.5639,248.0583,250.5639,12-Feb-13,
251.1624,248.6508,251.1624,13-Feb-13,
248.2043,245.7223,248.2043,14-Feb-13,
247.6514,245.1749,247.6514,15-Feb-13,
247.2951,244.8221,247.2951,18-Feb-13,
249.6061,247.11,249.6061,19-Feb-13,
249.0166,246.5264,249.0166,20-Feb-13,
245.2702,242.8175,245.2702,21-Feb-13,
246.4494,243.9849,246.4494,22-Feb-13,
245.467,243.0123,245.467,25-Feb-13,
243.038,240.6076,243.038,26-Feb-13,
244.4707,242.026,244.4707,27-Feb-13,
241.1393,238.7279,241.1393,28-Feb-13,
241.0424,238.632,241.0424,1-Mar-13,
240.6908,238.2839,240.6908,4-Mar-13,
243.9125,241.4734,243.9125,5-Mar-13,
244.7234,242.2762,244.7234,6-Mar-13,
245.5322,243.0769,245.5322,7-Mar-13,
247.6821,245.2053,247.6821,8-Mar-13,
247.2433,244.7709,247.2433,11-Mar-13,
246.2393,243.7769,246.2393,12-Mar-13,
243.5775,241.1417,243.5775,13-Mar-13,
245.0176,242.5674,245.0176,14-Mar-13,
243.3638,240.9302,243.3638,15-Mar-13,
241.7637,239.3461,241.7637,18-Mar-13,
238.9957,236.6057,238.9957,19-Mar-13,
236.4942,234.1293,236.4942,20-Mar-13,
236.3527,233.9892,236.3527,21-Mar-13,
235.5823,233.2265,235.5823,22-Mar-13,
234.9297,232.5804,234.9297,25-Mar-13,
235.961,233.6014,235.961,26-Mar-13,
237.7108,235.3337,237.7108,28-Mar-13,
239.0403,236.6499,239.0403,1-Apr-13,
241.3786,238.9648,241.3786,2-Apr-13,
238.7127,236.3256,238.7127,3-Apr-13,
235.559,233.2034,235.559,4-Apr-13,
235.2964,232.9434,235.2964,5-Apr-13,
235.3705,233.0168,235.3705,8-Apr-13,
233.1204,230.7892,233.1204,9-Apr-13,
234.323,231.9798,234.323,10-Apr-13,
234.8524,232.5039,234.8524,11-Apr-13,
231.3173,229.0041,231.3173,12-Apr-13,
232.1643,229.8427,232.1643,15-Apr-13,
235.3548,233.0013,235.3548,16-Apr-13,
235.1831,232.8313,235.1831,17-Apr-13,
237.5807,235.2049,237.5807,18-Apr-13,
239.6838,237.287,239.6838,22-Apr-13,
240.1781,237.7763,240.1781,23-Apr-13,
242.6883,240.2614,242.6883,25-Apr-13,
242.0293,239.609,242.0293,26-Apr-13,
243.1437,240.7123,243.1437,29-Apr-13,
243.307,240.8739,243.307,30-Apr-13,
244.8839,242.4351,244.8839,2-May-13,
243.6435,241.2071,243.6435,3-May-13,
245.1356,242.6842,245.1356,6-May-13,
247.7122,245.2351,247.7122,7-May-13,
248.559,246.0734,248.559,8-May-13,
247.302,244.829,247.302,9-May-13,
248.9219,246.4327,248.9219,10-May-13,
246.1207,243.6595,246.1207,13-May-13,
246.6649,244.1983,246.6649,14-May-13,
250.5231,248.0179,250.5231,15-May-13,
251.9399,249.4205,251.9399,16-May-13,
251.7214,249.2042,251.7214,17-May-13,
250.0157,247.5155,250.0157,20-May-13,
248.1666,245.6849,248.1666,21-May-13,
248.0207,245.5405,248.0207,22-May-13,
243.8861,241.4472,243.8861,23-May-13,
244.8524,242.4039,244.8524,24-May-13,
248.1992,245.7172,248.1992,27-May-13,
249.5629,247.0673,249.5629,28-May-13,
249.0039,246.5139,249.0039,29-May-13,
249.4037,246.9097,249.4037,30-May-13,
246.4601,243.9955,246.4601,31-May-13,
247.6493,245.1728,247.6493,3-Jun-13,
247.1751,244.7033,247.1751,4-Jun-13,
246.7433,244.2759,246.7433,5-Jun-13,
245.9082,243.4491,245.9082,6-Jun-13,
245.0745,242.6238,245.0745,7-Jun-13,
244.34,241.8966,244.34,10-Jun-13,
241.2658,238.8531,241.2658,11-Jun-13,
240.9982,238.5882,240.9982,12-Jun-13,
239.5484,237.1529,239.5484,13-Jun-13,
242.1236,239.7024,242.1236,14-Jun-13,
243.227,240.7947,243.227,17-Jun-13,
242.749,240.3215,242.749,18-Jun-13,
243.4394,241.005,243.4394,19-Jun-13,
238.038,235.6576,238.038,20-Jun-13,
238.4909,236.106,238.4909,21-Jun-13,
234.6827,232.3359,234.6827,24-Jun-13,
235.0178,232.6676,235.0178,25-Jun-13,
233.338,231.0046,233.338,26-Jun-13,
235.4339,233.0796,235.4339,27-Jun-13,
240.9067,238.4976,240.9067,28-Jun-13,
242.3005,239.8775,242.3005,1-Jul-13,
241.9471,239.5276,241.9471,2-Jul-13,
239.0511,236.6606,239.0511,3-Jul-13,
240.8065,238.3984,240.8065,4-Jul-13,
241.3532,238.9397,241.3532,5-Jul-13,
239.8342,237.4359,239.8342,8-Jul-13,
241.6529,239.2364,241.6529,9-Jul-13,
240.4684,238.0637,240.4684,10-Jul-13,
243.9367,241.4973,243.9367,11-Jul-13,
246.5229,244.0577,246.5229,12-Jul-13,
247.398,244.924,247.398,15-Jul-13,
243.9846,241.5448,243.9846,16-Jul-13,
243.1622,240.7306,243.1622,17-Jul-13,
245.4002,242.9462,245.4002,18-Jul-13,
245.0952,242.6442,245.0952,19-Jul-13,
245.3664,242.9127,245.3664,22-Jul-13,
246.0038,243.5438,246.0038,23-Jul-13,
242.736,240.3086,242.736,24-Jul-13,
240.1537,237.7522,240.1537,25-Jul-13,
238.8084,236.4203,238.8084,26-Jul-13,
237.4395,235.0651,237.4395,29-Jul-13,
233.9652,231.6255,233.9652,30-Jul-13,
235.0802,232.7294,235.0802,31-Jul-13,
234.5605,232.2149,234.5605,1-Aug-13,
232.5677,230.242,232.5677,2-Aug-13,
232.036,229.7156,232.036,5-Aug-13,
226.5894,224.3235,226.5894,6-Aug-13,
227.5676,225.2919,227.5676,7-Aug-13,
229.4752,227.1804,229.4752,8-Aug-13,
230.6835,228.3767,230.6835,12-Aug-13,
234.1606,231.819,234.1606,13-Aug-13,
235.2483,232.8958,235.2483,14-Aug-13,
228.0907,225.8098,228.0907,16-Aug-13,
224.0963,221.8553,224.0963,19-Aug-13,
223.4642,221.2296,223.4642,20-Aug-13,
220.7456,218.5381,220.7456,21-Aug-13,
223.4745,221.2398,223.4745,22-Aug-13,
224.7173,222.4701,224.7173,23-Aug-13,
225.3107,223.0576,225.3107,26-Aug-13,
219.7442,217.5468,219.7442,27-Aug-13,
218.0385,215.8581,218.0385,28-Aug-13,
222.2782,220.0554,222.2782,29-Aug-13,
223.4676,221.2329,223.4676,30-Aug-13,
225.1418,222.8904,225.1418,2-Sep-13,
218.8511,216.6626,218.8511,3-Sep-13,
223.2452,221.0127,223.2452,4-Sep-13,
228.3014,226.0184,228.3014,5-Sep-13,
232.1828,229.861,232.1828,6-Sep-13,
237.7088,235.3317,237.7088,10-Sep-13,
238.7145,236.3274,238.7145,11-Sep-13,
237.1329,234.7616,237.1329,12-Sep-13,
237.276,234.9032,237.276,13-Sep-13,
238.515,236.1299,238.515,16-Sep-13,
238.7335,236.3462,238.7335,17-Sep-13,
240.3681,237.9644,240.3681,18-Sep-13,
247.4403,244.9659,247.4403,19-Sep-13,
245.1254,242.6741,245.1254,20-Sep-13,
241.2777,238.8649,241.2777,23-Sep-13,
241.6225,239.2063,241.6225,24-Sep-13,
240.7258,238.3185,240.7258,25-Sep-13,
240.6299,238.2236,240.6299,26-Sep-13,
238.9026,236.5136,238.9026,27-Sep-13,
236.0835,233.7227,236.0835,30-Sep-13,
237.4618,235.0872,237.4618,1-Oct-13,
240.8943,238.4854,240.8943,3-Oct-13,
240.7147,238.3076,240.7147,4-Oct-13,
239.9761,237.5763,239.9761,7-Oct-13,
241.1884,238.7765,241.1884,8-Oct-13,
243.7934,241.3555,243.7934,9-Oct-13,
244.6248,242.1786,244.6248,10-Oct-13,
247.1723,244.7006,247.1723,11-Oct-13,
248.2634,245.7808,248.2634,14-Oct-13,
246.8364,244.368,246.8364,15-Oct-13,
246.3343,243.871,246.3343,17-Oct-13,
250.8372,248.3288,250.8372,18-Oct-13,
251.9246,249.4054,251.9246,21-Oct-13,
252.2391,249.7167,252.2391,22-Oct-13,
251.133,248.6217,251.133,23-Oct-13,
250.8594,248.3508,250.8594,24-Oct-13,
250.5964,248.0904,250.5964,25-Oct-13,
249.2703,246.7776,249.2703,28-Oct-13,
253.5183,250.9831,253.5183,29-Oct-13,
255.7428,253.1854,255.7428,30-Oct-13,
257.311,254.7379,257.311,31-Oct-13,
258.6486,256.0621,258.6486,1-Nov-13,
259.001,256.411,259.001,5-Nov-13,
257.9736,255.3939,257.9736,6-Nov-13,
256.1184,253.5572,256.1184,7-Nov-13,
254.8388,252.2904,254.8388,8-Nov-13,
253.5657,251.03,253.5657,11-Nov-13,
252.0418,249.5214,252.0418,12-Nov-13,
250.5433,248.0379,250.5433,13-Nov-13,
252.8822,250.3534,252.8822,14-Nov-13,
256.1146,253.5535,256.1146,18-Nov-13,
257.0605,254.4899,257.0605,19-Nov-13,
255.4132,252.8591,255.4132,20-Nov-13,
251.9819,249.4621,251.9819,21-Nov-13,
252.139,249.6176,252.139,22-Nov-13,
254.9898,252.4399,254.9898,25-Nov-13,
252.5177,249.9925,252.5177,26-Nov-13,
252.8934,250.3645,252.8934,27-Nov-13,
254.9578,252.4082,254.9578,28-Nov-13,
257.8782,255.2994,257.8782,29-Nov-13,
260.2815,257.6787,260.2815,2-Dec-13,
260.1978,257.5958,260.1978,3-Dec-13,
258.9621,256.3725,258.9621,4-Dec-13,
261.3717,258.758,261.3717,5-Dec-13,
261.9229,259.3037,261.9229,6-Dec-13,
265.0491,262.3986,265.0491,9-Dec-13,
262.8078,260.1797,262.8078,10-Dec-13,
262.8782,260.2494,262.8782,11-Dec-13,
261.0999,258.4889,261.0999,12-Dec-13,
257.9283,255.349,257.9283,13-Dec-13,
257.1699,254.5982,257.1699,16-Dec-13,
257.7434,255.166,257.7434,17-Dec-13,
260.8904,258.2815,260.8904,18-Dec-13,
259.5347,256.9394,259.5347,19-Dec-13,
263.9742,261.3345,263.9742,20-Dec-13,
264.7089,262.0618,264.7089,23-Dec-13,
264.5249,261.8797,264.5249,24-Dec-13,
265.9936,263.3337,265.9936,26-Dec-13,
266.6727,264.006,266.6727,27-Dec-13,
265.5464,262.8909,265.5464,30-Dec-13,
266.3419,263.6785,266.3419,31-Dec-13,
266.7541,264.0866,266.7541,1-Jan-14,
262.4052,259.7811,262.4052,2-Jan-14,
262.387,259.7631,262.387,3-Jan-14,
261.9957,259.3757,261.9957,6-Jan-14,
260.9389,258.3295,260.9389,7-Jan-14,
262.0353,259.4149,262.0353,8-Jan-14,
262.2342,259.6119,262.2342,9-Jan-14,
261.4514,258.8369,261.4514,10-Jan-14,
264.4571,261.8125,264.4571,13-Jan-14,
263.7272,261.0899,263.7272,14-Jan-14,
265.5015,262.8465,265.5015,15-Jan-14,
264.8833,262.2345,264.8833,16-Jan-14,
262.779,260.1512,262.779,17-Jan-14,
263.4407,260.8063,263.4407,20-Jan-14,
264.2542,261.6117,264.2542,21-Jan-14,
265.3829,262.7291,265.3829,22-Jan-14,
266.2534,263.5909,266.2534,23-Jan-14,
263.6482,261.0117,263.6482,24-Jan-14,
258.7646,256.177,258.7646,27-Jan-14,
258.3516,255.7681,258.3516,28-Jan-14,
257.5959,255.0199,257.5959,29-Jan-14,
255.6406,253.0842,255.6406,30-Jan-14,
257.7537,255.1762,257.7537,31-Jan-14,
255.4433,252.8889,255.4433,3-Feb-14,
255.9785,253.4187,255.9785,4-Feb-14,
257.1235,254.5523,257.1235,5-Feb-14,
256.246,253.6835,256.246,6-Feb-14,
257.6303,255.054,257.6303,7-Feb-14,
257.4291,254.8548,257.4291,10-Feb-14,
257.9689,255.3892,257.9689,11-Feb-14,
259.2907,256.6978,259.2907,12-Feb-14,
256.3214,253.7582,256.3214,13-Feb-14,
257.9885,255.4086,257.9885,14-Feb-14,
258.6718,256.0851,258.6718,17-Feb-14,
260.6828,258.076,260.6828,18-Feb-14,
262.0768,259.456,262.0768,19-Feb-14,
260.094,257.4931,260.094,20-Feb-14,
262.4868,259.8619,262.4868,21-Feb-14,
264.3355,261.6921,264.3355,24-Feb-14,
265.4938,262.8389,265.4938,25-Feb-14,
266.3863,263.7224,266.3863,26-Feb-14,
267.0358,264.3654,267.0358,28-Feb-14,
265.703,263.046,265.703,3-Mar-14,
268.2777,265.5949,268.2777,4-Mar-14,
269.1396,266.4482,269.1396,5-Mar-14,
272.1052,269.3841,272.1052,6-Mar-14,
276.075,273.3143,276.075,7-Mar-14,
277.933,275.1537,277.933,10-Mar-14,
277.336,274.5626,277.336,11-Mar-14,
277.1561,274.3845,277.1561,12-Mar-14,
276.6046,273.8386,276.6046,13-Mar-14,
276.3717,273.608,276.3717,14-Mar-14,
278.148,275.3665,278.148,18-Mar-14,
279.1981,276.4061,279.1981,19-Mar-14,
277.8065,275.0284,277.8065,20-Mar-14,
278.1773,275.3955,278.1773,21-Mar-14,
281.0152,278.205,281.0152,24-Mar-14,
281.7946,278.9767,281.7946,25-Mar-14,
282.6787,279.8519,282.6787,26-Mar-14,
284.6855,281.8386,284.6855,27-Mar-14,
287.4926,284.6177,287.4926,28-Mar-14,
288.688,285.8011,288.688,31-Mar-14,
288.5405,285.6551,288.5405,1-Apr-14,
291.5654,288.6497,291.5654,2-Apr-14,
290.3726,287.4689,290.3726,3-Apr-14,
288.913,286.0239,288.913,4-Apr-14,
288.0631,285.1825,288.0631,7-Apr-14,
291.2929,288.38,291.2929,9-Apr-14,
291.2933,288.3804,291.2933,10-Apr-14,
290.4835,287.5787,290.4835,11-Apr-14,
289.0944,286.2035,289.0944,15-Apr-14,
286.8558,283.9872,286.8558,16-Apr-14,
289.381,286.4872,289.381,17-Apr-14,
291.4797,288.5649,291.4797,21-Apr-14,
291.5998,288.6838,291.5998,22-Apr-14,
293.3734,290.4397,293.3734,23-Apr-14,
292.4768,289.552,292.4768,25-Apr-14,
291.7768,288.859,291.7768,28-Apr-14,
290.754,287.8465,290.754,29-Apr-14,
288.8382,285.9498,288.8382,30-Apr-14,
289.8018,286.9038,289.8018,2-May-14,
290.0357,287.1353,290.0357,5-May-14,
291.1553,288.2437,291.1553,6-May-14,
289.5295,286.6342,289.5295,7-May-14,
290.1071,287.206,290.1071,8-May-14,
295.9896,293.0297,295.9896,9-May-14,
300.8505,297.842,300.8505,12-May-14,
303.7543,300.7168,303.7543,13-May-14,
303.8391,300.8007,303.8391,14-May-14,
302.4826,299.4578,302.4826,15-May-14,
306.5405,303.4751,306.5405,16-May-14,
311.347,308.2335,311.347,19-May-14,
313.9186,310.7794,313.9186,20-May-14,
314.5817,311.4359,314.5817,21-May-14,
317.6668,314.4901,317.6668,22-May-14,
320.5882,317.3823,320.5882,23-May-14,
317.9956,314.8156,317.9956,26-May-14,
315.9128,312.7537,315.9128,27-May-14,
318.4261,315.2418,318.4261,28-May-14,
315.7794,312.6216,315.7794,29-May-14,
317.2451,314.0726,317.2451,30-May-14,
322.9683,319.7386,322.9683,2-Jun-14,
324.1629,320.9213,324.1629,3-Jun-14,
323.682,320.4452,323.682,4-Jun-14,
324.8042,321.5562,324.8042,5-Jun-14,
329.1977,325.9057,329.1977,6-Jun-14,
333.0997,329.7687,333.0997,9-Jun-14,
332.7507,329.4232,332.7507,10-Jun-14,
331.8822,328.5634,331.8822,11-Jun-14,
332.9532,329.6237,332.9532,12-Jun-14,
328.9249,325.6357,328.9249,13-Jun-14,
329.1637,325.8721,329.1637,16-Jun-14,
333.6446,330.3082,333.6446,17-Jun-14,
332.1445,328.8231,332.1445,18-Jun-14,
331.7859,328.468,331.7859,19-Jun-14,
331.5807,328.2649,331.5807,20-Jun-14,
332.5422,329.2168,332.5422,23-Jun-14,
335.9331,332.5738,335.9331,24-Jun-14,
335.809,332.4509,335.809,25-Jun-14,
334.5112,331.1661,334.5112,26-Jun-14,
335.4197,332.0655,335.4197,27-Jun-14,
339.6662,336.2695,339.6662,30-Jun-14,
340.4336,337.0293,340.4336,1-Jul-14,
343.9243,340.4851,343.9243,2-Jul-14,
344.26,340.8174,344.26,3-Jul-14,
345.9558,342.4962,345.9558,4-Jul-14,
346.4958,343.0308,346.4958,7-Jul-14,
339.1122,335.7211,339.1122,8-Jul-14,
335.667,332.3103,335.667,9-Jul-14,
336.2524,332.8899,336.2524,10-Jul-14,
331.4186,328.1044,331.4186,11-Jul-14,
331.2417,327.9293,331.2417,14-Jul-14,
335.5155,332.1603,335.5155,15-Jul-14,
339.7721,336.3744,339.7721,16-Jul-14,
342.6159,339.1897,342.6159,17-Jul-14,
343.704,340.267,343.704,18-Jul-14,
344.1675,340.7258,344.1675,21-Jul-14,
346.1876,342.7257,346.1876,22-Jul-14,
346.555,343.0895,346.555,23-Jul-14,
346.9575,343.4879,346.9575,24-Jul-14,
345.5207,342.0655,345.5207,25-Jul-14,
344.3106,340.8675,344.3106,28-Jul-14,
347.5764,344.1006,347.5764,30-Jul-14,
346.231,342.7687,346.231,31-Jul-14,
343.0523,339.6218,343.0523,1-Aug-14,
345.5558,342.1002,345.5558,4-Aug-14,
347.7538,344.2763,347.7538,5-Aug-14,
346.6314,343.1651,346.6314,6-Aug-14,
344.6125,341.1664,344.6125,7-Aug-14,
341.0716,337.6609,341.0716,8-Aug-14,
344.0007,340.5607,344.0007,11-Aug-14,
347.1263,343.655,347.1263,12-Aug-14,
346.8968,343.4278,346.8968,13-Aug-14,
348.5602,345.0746,348.5602,14-Aug-14,
353.8624,350.3238,353.8624,18-Aug-14,
357.2578,353.6852,357.2578,19-Aug-14,
358.1706,354.5889,358.1706,20-Aug-14,
358.9502,355.3607,358.9502,21-Aug-14,
359.4067,355.8126,359.4067,22-Aug-14,
358.5814,354.9956,358.5814,25-Aug-14,
358.9133,355.3242,358.9133,26-Aug-14,
360.9376,357.3282,360.9376,27-Aug-14,
361.7158,358.0986,361.7158,28-Aug-14,
366.1064,362.4453,366.1064,1-Sep-14,
369.1517,365.4602,369.1517,2-Sep-14,
373.7205,369.9833,373.7205,3-Sep-14,
373.8791,370.1403,373.8791,4-Sep-14,
373.7022,369.9652,373.7022,5-Sep-14,
377.2388,373.4664,377.2388,8-Sep-14,
377.7991,374.0211,377.7991,9-Sep-14,
376.2143,372.4522,376.2143,10-Sep-14,
378.0878,374.3069,378.0878,11-Sep-14,
381.4161,377.6019,381.4161,12-Sep-14,
379.7457,375.9482,379.7457,15-Sep-14,
373.1211,369.3899,373.1211,16-Sep-14,
373.8542,370.1157,373.8542,17-Sep-14,
379.1833,375.3915,379.1833,18-Sep-14,
380.4407,376.6363,380.4407,19-Sep-14,
381.0743,377.2636,381.0743,22-Sep-14,
376.0239,372.2637,376.0239,23-Sep-14,
373.9649,370.2253,373.9649,24-Sep-14,
370.1176,366.4164,370.1176,25-Sep-14,
373.1597,369.4281,373.1597,26-Sep-14,
373.8099,370.0718,373.8099,29-Sep-14,
375.2566,371.504,375.2566,30-Sep-14,
374.8832,371.1344,374.8832,1-Oct-14,
371.0752,367.3644,371.0752,7-Oct-14,
369.7491,366.0516,369.7491,8-Oct-14,
374.8326,371.0843,374.8326,9-Oct-14,
371.1341,367.4228,371.1341,10-Oct-14,
372.7888,369.0609,372.7888,13-Oct-14,
373.1059,369.3748,373.1059,14-Oct-14,
368.0111,364.331,368.0111,16-Oct-14,
370.9629,367.2533,370.9629,17-Oct-14,
374.5246,370.7794,374.5246,20-Oct-14,
377.1665,373.3948,377.1665,21-Oct-14,
380.796,376.988,380.796,22-Oct-14,
382.4407,378.6163,382.4407,27-Oct-14,
383.0918,379.2609,383.0918,28-Oct-14,
384.4981,380.6531,384.4981,29-Oct-14,
387.1056,383.2345,387.1056,30-Oct-14,
392.2717,388.349,392.2717,31-Oct-14,
393.6604,389.7238,393.6604,3-Nov-14,
395.4276,391.4733,395.4276,5-Nov-14,
398.829,394.8407,398.829,7-Nov-14,
399.8108,395.8127,399.8108,10-Nov-14,
402.5209,398.4957,402.5209,11-Nov-14,
404.2916,400.2487,404.2916,12-Nov-14,
403.1829,399.1511,403.1829,13-Nov-14,
403.6172,399.581,403.6172,14-Nov-14,
405.1293,401.078,405.1293,17-Nov-14,
407.5369,403.4615,407.5369,18-Nov-14,
408.4633,404.3787,408.4633,19-Nov-14,
407.0548,402.9843,407.0548,20-Nov-14,
409.5168,405.4216,409.5168,21-Nov-14,
411.8386,407.7202,411.8386,24-Nov-14,
409.5287,405.4334,409.5287,25-Nov-14,
409.0106,404.9205,409.0106,26-Nov-14,
410.2909,406.188,410.2909,27-Nov-14,
414.3952,410.2512,414.3952,28-Nov-14,
415.1387,410.9873,415.1387,1-Dec-14,
415.5216,411.3664,415.5216,2-Dec-14,
420.1543,415.9528,420.1543,3-Dec-14,
420.7849,416.5771,420.7849,4-Dec-14,
418.5329,414.3476,418.5329,5-Dec-14,
413.5466,409.4111,413.5466,8-Dec-14,
408.4854,404.4005,408.4854,9-Dec-14,
410.1234,406.0222,410.1234,10-Dec-14,
406.7147,402.6476,406.7147,11-Dec-14,
405.4723,401.4176,405.4723,12-Dec-14,
405.9331,401.8738,405.9331,15-Dec-14,
398.4291,394.4448,398.4291,16-Dec-14,
396.651,392.6845,396.651,17-Dec-14,
404.4074,400.3633,404.4074,18-Dec-14,
408.123,404.0418,408.123,19-Dec-14,
411.3188,407.2056,411.3188,22-Dec-14,
409.9048,405.8058,409.9048,23-Dec-14,
408.4137,404.3296,408.4137,24-Dec-14,
410.2793,406.1765,410.2793,26-Dec-14,
412.3764,408.2526,412.3764,29-Dec-14,
414.7117,410.5646,414.7117,30-Dec-14,
417.6007,413.4247,417.6007,31-Dec-14,
418.6332,414.4469,418.6332,1-Jan-15,
423.9231,419.6839,423.9231,2-Jan-15,
423.7806,419.5428,423.7806,5-Jan-15,
414.6512,410.5047,414.6512,6-Jan-15,
414.4533,410.3088,414.4533,7-Jan-15,
420.3337,416.1304,420.3337,8-Jan-15,
421.9482,417.7287,421.9482,9-Jan-15,
423.2243,418.9921,423.2243,12-Jan-15,
423.8367,419.5983,423.8367,13-Jan-15,
424.009,419.7689,424.009,14-Jan-15,
429.9502,425.6507,429.9502,15-Jan-15,
429.5147,425.2196,429.5147,16-Jan-15,
432.4118,428.0877,432.4118,19-Jan-15,
435.9562,431.5966,435.9562,20-Jan-15,
438.1455,433.764,438.1455,21-Jan-15,
440.3031,435.9001,440.3031,22-Jan-15,
443.0671,438.6364,443.0671,23-Jan-15,
448.0999,443.6189,448.0999,27-Jan-15,
449.0276,444.5373,449.0276,28-Jan-15,
447.9214,443.4422,447.9214,29-Jan-15,
443.0368,438.6064,443.0368,30-Jan-15,
442.9049,438.4759,442.9049,2-Feb-15,
439.534,435.1387,439.534,3-Feb-15,
438.2677,433.885,438.2677,4-Feb-15,
437.0857,432.7148,437.0857,5-Feb-15,
432.7084,428.3813,432.7084,6-Feb-15,
427.6419,423.3655,427.6419,9-Feb-15,
431.9654,427.6457,431.9654,10-Feb-15,
437.1518,432.7803,437.1518,11-Feb-15,
442.3426,437.9192,442.3426,12-Feb-15,
444.5022,440.0572,444.5022,13-Feb-15,
442.2046,437.7826,442.2046,16-Feb-15,
445.7272,441.2699,445.7272,18-Feb-15,
444.8092,440.3611,444.8092,19-Feb-15,
443.6237,439.1875,443.6237,20-Feb-15,
440.124,435.7228,440.124,23-Feb-15,
439.1312,434.7399,439.1312,24-Feb-15,
438.067,433.6863,438.067,25-Feb-15,
433.5982,429.2622,433.5982,26-Feb-15,
441.189,436.7771,441.189,27-Feb-15,
451.3359,446.8225,451.3359,2-Mar-15,
453.3209,448.7877,453.3209,3-Mar-15,
450.869,446.3603,450.869,4-Mar-15,
451.6024,447.0864,451.6024,5-Mar-15,
443.9419,439.5025,443.9419,9-Mar-15,
444.5126,440.0675,444.5126,10-Mar-15,
444.2262,439.7839,444.2262,11-Mar-15,
448.3226,443.8394,448.3226,12-Mar-15,
443.2639,438.8313,443.2639,13-Mar-15,
443.8017,439.3637,443.8017,16-Mar-15,
448.5869,444.101,448.5869,17-Mar-15,
447.6083,443.1322,447.6083,18-Mar-15,
444.9857,440.5358,444.9857,19-Mar-15,
442.7469,438.3194,442.7469,20-Mar-15,
441.8251,437.4068,441.8251,23-Mar-15,
440.2586,435.856,440.2586,24-Mar-15,
439.7106,435.3135,439.7106,25-Mar-15,
434.526,430.1807,434.526,26-Mar-15,
434.9771,430.6273,434.9771,27-Mar-15,
441.2391,436.8267,441.2391,30-Mar-15,
442.1925,437.7706,442.1925,31-Mar-15,
447.7477,443.2702,447.7477,1-Apr-15,
449.0882,444.5973,449.0882,6-Apr-15,
450.0417,445.5413,450.0417,7-Apr-15,
453.3354,448.802,453.3354,8-Apr-15,
455.4326,450.8783,455.4326,9-Apr-15,
456.1408,451.5794,456.1408,10-Apr-15,
457.7458,453.1683,457.7458,13-Apr-15,
455.3142,450.7611,455.3142,15-Apr-15,
453.6835,449.1467,453.6835,16-Apr-15,
446.7193,442.2521,446.7193,17-Apr-15,
438.315,433.9319,438.315,20-Apr-15,
435.3162,430.963,435.3162,21-Apr-15,
436.7341,432.3668,436.7341,22-Apr-15,
436.8167,432.4485,436.8167,23-Apr-15,
430.4431,426.1387,430.4431,24-Apr-15,
423.6044,419.3684,423.6044,27-Apr-15,
427.9731,423.6934,427.9731,28-Apr-15,
429.3514,425.0579,429.3514,29-Apr-15,
428.3395,424.0561,428.3395,30-Apr-15,
433.2906,428.9577,433.2906,4-May-15,
433.3371,429.0037,433.3371,5-May-15,
422.5778,418.352,422.5778,6-May-15,
419.2982,415.1052,419.2982,7-May-15,
425.6336,421.3773,425.6336,8-May-15,
431.7783,427.4605,431.7783,11-May-15,
425.7458,421.4883,425.7458,12-May-15,
430.925,426.6158,430.925,13-May-15,
432.0495,427.729,432.0495,14-May-15,
434.5248,430.1796,434.5248,15-May-15,
438.9732,434.5835,438.9732,18-May-15,
439.9365,435.5371,439.9365,19-May-15,
441.5552,437.1396,441.5552,20-May-15,
440.7325,436.3252,440.7325,21-May-15,
441.2868,436.8739,441.2868,22-May-15,
440.5482,436.1427,440.5482,25-May-15,
439.9332,435.5339,439.9332,26-May-15,
439.6842,435.2874,439.6842,27-May-15,
438.846,434.4575,438.846,28-May-15,
446.0782,441.6174,446.0782,29-May-15,
445.0892,440.6383,445.0892,1-Jun-15,
437.1163,432.7451,437.1163,2-Jun-15,
433.6293,429.293,433.6293,3-Jun-15,
433.9415,429.6021,433.9415,4-Jun-15,
432.6834,428.3566,432.6834,5-Jun-15,
429.1974,424.9054,429.1974,8-Jun-15,
427.0044,422.7344,427.0044,9-Jun-15,
432.0877,427.7668,432.0877,10-Jun-15,
425.3238,421.0706,425.3238,11-Jun-15,
425.9094,421.6503,425.9094,12-Jun-15,
426.2765,422.0137,426.2765,15-Jun-15,
427.6356,423.3592,427.6356,16-Jun-15,
431.2395,426.9271,431.2395,17-Jun-15,
435.2524,430.8999,435.2524,18-Jun-15,
436.8478,432.4793,436.8478,19-Jun-15,
441.3734,436.9597,441.3734,22-Jun-15,
442.3174,437.8942,442.3174,23-Jun-15,
441.6673,437.2506,441.6673,24-Jun-15,
443.2528,438.8203,443.2528,25-Jun-15,
443.539,439.1036,443.539,26-Jun-15,
438.7799,434.3921,438.7799,29-Jun-15,
441.7124,437.2953,441.7124,30-Jun-15,
446.6514,442.1849,446.6514,1-Jul-15,
447.594,443.1181,447.594,2-Jul-15,
448.4951,444.0101,448.4951,3-Jul-15,
450.7392,446.2318,450.7392,6-Jul-15,
451.3785,446.8647,451.3785,7-Jul-15,
445.6013,441.1453,445.6013,8-Jul-15,
443.8809,439.4421,443.8809,9-Jul-15,
445.9184,441.4592,445.9184,10-Jul-15,
451.023,446.5128,451.023,13-Jul-15,
451.221,446.7088,451.221,14-Jul-15,
453.425,448.8908,453.425,15-Jul-15,
457.7445,453.1671,457.7445,16-Jul-15,
457.9315,453.3522,457.9315,17-Jul-15,
459.4015,454.8075,459.4015,20-Jul-15,
456.0772,451.5164,456.0772,21-Jul-15,
460.2072,455.6051,460.2072,22-Jul-15,
459.2725,454.6798,459.2725,23-Jul-15,
456.2659,451.7032,456.2659,24-Jul-15,
449.1712,444.6795,449.1712,27-Jul-15,
448.745,444.2576,448.745,28-Jul-15,
452.5803,448.0545,452.5803,29-Jul-15,
455.4959,450.9409,455.4959,30-Jul-15,
459.4645,454.8699,459.4645,31-Jul-15,
459.7551,455.1575,459.7551,3-Aug-15,
460.2534,455.6509,460.2534,4-Aug-15,
462.8588,458.2302,462.8588,5-Aug-15,
465.2769,460.6241,465.2769,6-Aug-15,
465.6697,461.013,465.6697,7-Aug-15,
463.9234,459.2842,463.9234,10-Aug-15,
460.5683,455.9626,460.5683,11-Aug-15,
454.7189,450.1717,454.7189,12-Aug-15,
454.4455,449.901,454.4455,13-Aug-15,
462.0855,457.4646,462.0855,14-Aug-15,
461.7246,457.1074,461.7246,17-Aug-15,
462.7136,458.0865,462.7136,18-Aug-15,
463.6406,459.0042,463.6406,19-Aug-15,
456.104,451.543,456.104,20-Aug-15,
452.6341,448.1078,452.6341,21-Aug-15,
427.3776,423.1038,427.3776,24-Aug-15,
434.0068,429.6667,434.0068,25-Aug-15,
430.0971,425.7961,430.0971,26-Aug-15,
436.9067,432.5376,436.9067,27-Aug-15,
438.8363,434.4479,438.8363,28-Aug-15,
437.1321,432.7608,437.1321,31-Aug-15,
429.1693,424.8776,429.1693,1-Sep-15,
426.0747,421.814,426.0747,2-Sep-15,
430.453,426.1485,430.453,3-Sep-15,
423.2321,418.9998,423.2321,4-Sep-15,
417.569,413.3933,417.569,7-Sep-15,
422.4526,418.2281,422.4526,8-Sep-15,
429.1698,424.8781,429.1698,9-Sep-15,
428.0035,423.7235,428.0035,10-Sep-15,
428.5707,424.285,428.5707,11-Sep-15,
432.5653,428.2396,432.5653,14-Sep-15,
430.4536,426.1491,430.4536,15-Sep-15,
432.9852,428.6553,432.9852,16-Sep-15,
437.7151,433.3379,437.7151,18-Sep-15,
438.7936,434.4057,438.7936,21-Sep-15,
431.4921,427.1772,431.4921,22-Sep-15,
433.2619,428.9293,433.2619,23-Sep-15,
434.4295,430.0852,434.4295,24-Sep-15,
431.5195,427.2043,431.5195,28-Sep-15,
431.9014,427.5824,431.9014,29-Sep-15,
437.735,433.3577,437.735,30-Sep-15,
438.2581,433.8755,438.2581,1-Oct-15,
445.5843,441.1285,445.5843,5-Oct-15,
446.6494,442.1829,446.6494,6-Oct-15,
445.5298,441.0745,445.5298,7-Oct-15,
443.7038,439.2668,443.7038,8-Oct-15,
445.2015,440.7495,445.2015,9-Oct-15,
444.1199,439.6787,444.1199,12-Oct-15,
443.308,438.8749,443.308,13-Oct-15,
443.543,439.1076,443.543,14-Oct-15,
446.1381,441.6767,446.1381,15-Oct-15,
449.2723,444.7796,449.2723,16-Oct-15,
451.0918,446.5809,451.0918,19-Oct-15,
450.7198,446.2126,450.7198,20-Oct-15,
449.8927,445.3938,449.8927,21-Oct-15,
450.5576,446.052,450.5576,23-Oct-15,
448.3441,443.8607,448.3441,26-Oct-15,
449.5082,445.0131,449.5082,27-Oct-15,
446.3959,441.9319,446.3959,28-Oct-15,
443.484,439.0492,443.484,29-Oct-15,
441.2683,436.8556,441.2683,30-Oct-15,
442.0034,437.5834,442.0034,2-Nov-15,
443.0286,438.5983,443.0286,3-Nov-15,
443.1853,438.7534,443.1853,4-Nov-15,
438.781,434.3932,438.781,5-Nov-15,
436.6229,432.2567,436.6229,6-Nov-15,
436.0626,431.702,436.0626,9-Nov-15,
430.2737,425.971,430.2737,10-Nov-15,
430.3313,426.028,430.3313,13-Nov-15,
432.0002,427.6802,432.0002,16-Nov-15,
432.425,428.1008,432.425,17-Nov-15,
429.1805,424.8887,429.1805,18-Nov-15,
434.5192,430.174,434.5192,19-Nov-15,
436.392,432.0281,436.392,20-Nov-15,
437.0992,432.7282,437.0992,23-Nov-15,
435.8478,431.4893,435.8478,24-Nov-15,
437.0008,432.6308,437.0008,26-Nov-15,
440.0248,435.6246,440.0248,27-Nov-15,
439.8071,435.409,439.8071,30-Nov-15,
440.3378,435.9344,440.3378,1-Dec-15,
438.8369,434.4485,438.8369,2-Dec-15,
435.5214,431.1662,435.5214,3-Dec-15,
432.3549,428.0314,432.3549,4-Dec-15,
432.823,428.4948,432.823,7-Dec-15,
430.0075,425.7074,430.0075,8-Dec-15,
424.6683,420.4216,424.6683,9-Dec-15,
426.3365,422.0731,426.3365,10-Dec-15,
421.8732,417.6545,421.8732,11-Dec-15,
422.6611,418.4345,422.6611,14-Dec-15,
425.2698,421.0171,425.2698,15-Dec-15,
427.1856,422.9137,427.1856,16-Dec-15,
432.5021,428.1771,432.5021,17-Dec-15,
428.8538,424.5653,428.8538,18-Dec-15,
431.6837,427.3669,431.6837,21-Dec-15,
430.0952,425.7942,430.0952,22-Dec-15,
432.872,428.5433,432.872,23-Dec-15,
433.7322,429.3949,433.7322,24-Dec-15,
436.2557,431.8931,436.2557,28-Dec-15,
436.462,432.0974,436.462,29-Dec-15,
435.5876,431.2317,435.5876,30-Dec-15,
435.8831,431.5243,435.8831,31-Dec-15,
437.9962,433.6162,437.9962,1-Jan-16,
430.425,426.1208,430.425,4-Jan-16,
430.5164,426.2112,430.5164,5-Jan-16,
428.3915,424.1076,428.3915,6-Jan-16,
420.0519,415.8514,420.0519,7-Jan-16,
423.1054,418.8743,423.1054,8-Jan-16,
420.2349,416.0326,420.2349,11-Jan-16,
416.8128,412.6447,416.8128,12-Jan-16,
418.5143,414.3292,418.5143,13-Jan-16,
415.0169,410.8667,415.0169,14-Jan-16,
410.0507,405.9502,410.0507,15-Jan-16,
403.6733,399.6366,403.6733,18-Jan-16,
408.9642,404.8746,408.9642,19-Jan-16,
403.5389,399.5035,403.5389,20-Jan-16,
403.6088,399.5727,403.6088,21-Jan-16,
410.3535,406.25,410.3535,22-Jan-16,
411.2368,407.1244,411.2368,25-Jan-16,
411.3691,407.2554,411.3691,27-Jan-16,
409.47,405.3753,409.47,28-Jan-16,
416.3411,412.1777,416.3411,29-Jan-16,
417.4513,413.2768,417.4513,1-Feb-16,
413.4362,409.3018,413.4362,2-Feb-16,
407.8899,403.811,407.8899,3-Feb-16,
409.2773,405.1845,409.2773,4-Feb-16,
414.6827,410.5359,414.6827,5-Feb-16,
411.3364,407.223,411.3364,8-Feb-16,
405.6793,401.6225,405.6793,9-Feb-16,
402.4411,398.4167,402.4411,10-Feb-16,
391.9196,388.0004,391.9196,11-Feb-16,
389.9951,386.0951,389.9951,12-Feb-16,
399.2746,395.2819,399.2746,15-Feb-16,
393.4071,389.473,393.4071,16-Feb-16,
395.6454,391.6889,395.6454,17-Feb-16,
399.8878,395.8889,399.8878,18-Feb-16,
401.4365,397.4221,401.4365,19-Feb-16,
403.3188,399.2856,403.3188,22-Feb-16,
397.4466,393.4721,397.4466,23-Feb-16,
393.155,389.2235,393.155,24-Feb-16,
389.4542,385.5597,389.4542,25-Feb-16,
390.8775,386.9687,390.8775,26-Feb-16,
389.7823,385.8845,389.7823,29-Feb-16,
401.1857,397.1738,401.1857,1-Mar-16,
408.6936,404.6067,408.6936,2-Mar-16,
413.7563,409.6187,413.7563,3-Mar-16,
414.4811,410.3363,414.4811,4-Mar-16,
413.0006,408.8706,413.0006,8-Mar-16,
415.5241,411.3689,415.5241,9-Mar-16,
413.4819,409.3471,413.4819,10-Mar-16,
414.3092,410.1661,414.3092,11-Mar-16,
416.6052,412.4391,416.6052,14-Mar-16,
414.5376,410.3922,414.5376,15-Mar-16,
415.1882,411.0363,415.1882,16-Mar-16,
417.4505,413.276,417.4505,17-Mar-16,
422.5917,418.3658,422.5917,18-Mar-16,
428.2353,423.9529,428.2353,21-Mar-16,
429.0744,424.7837,429.0744,22-Mar-16,
429.1929,424.901,429.1929,23-Mar-16,
424.1456,419.9041,424.1456,28-Mar-16,
424.096,419.855,424.096,29-Mar-16,
431.1,426.789,431.1,30-Mar-16,
432.2279,427.9056,432.2279,31-Mar-16,
431.1051,426.794,431.1051,1-Apr-16,
435.1293,430.778,435.1293,4-Apr-16,
426.4092,422.1451,426.4092,5-Apr-16,
427.9328,423.6535,427.9328,6-Apr-16,
424.965,420.7154,424.965,7-Apr-16,
426.3027,422.0397,426.3027,8-Apr-16,
430.7352,426.4278,430.7352,11-Apr-16,
433.325,428.9918,433.325,12-Apr-16,
439.0873,434.6964,439.0873,13-Apr-16,
442.732,438.3047,442.732,18-Apr-16,
442.7289,438.3016,442.7289,20-Apr-16,
442.7877,438.3598,442.7877,21-Apr-16,
442.8234,438.3952,442.8234,22-Apr-16,
442.2512,437.8287,442.2512,25-Apr-16,
446.504,442.039,446.504,26-Apr-16,
447.447,442.9725,447.447,27-Apr-16,
442.4533,438.0288,442.4533,28-Apr-16,
442.5706,438.1449,442.5706,29-Apr-16,
440.4619,436.0573,440.4619,2-May-16,
437.7535,433.376,437.7535,3-May-16,
434.9787,430.6289,434.9787,4-May-16,
434.789,430.4411,434.789,5-May-16,
435.0157,430.6655,435.0157,6-May-16,
441.4128,436.9987,441.4128,9-May-16,
443.0616,438.631,443.0616,10-May-16,
442.3648,437.9412,442.3648,11-May-16,
444.9074,440.4583,444.9074,12-May-16,
442.5218,438.0966,442.5218,13-May-16,
443.9066,439.4675,443.9066,16-May-16,
444.8438,440.3954,444.8438,17-May-16,
444.3343,439.891,444.3343,18-May-16,
441.4427,437.0283,441.4427,19-May-16,
439.9973,435.5973,439.9973,20-May-16,
438.7414,434.354,438.7414,23-May-16,
438.4205,434.0363,438.4205,24-May-16,
446.2763,441.8135,446.2763,25-May-16,
451.4268,446.9125,451.4268,26-May-16,
454.2241,449.6819,454.2241,27-May-16,
455.5845,451.0287,455.5845,30-May-16,
454.9931,450.4432,454.9931,31-May-16,
454.5904,450.0445,454.5904,1-Jun-16,
456.2064,451.6443,456.2064,2-Jun-16,
455.8034,451.2454,455.8034,3-Jun-16,
455.6843,451.1275,455.6843,6-Jun-16,
458.4115,453.8274,458.4115,7-Jun-16,
459.6187,455.0225,459.6187,8-Jun-16,
457.2536,452.6811,457.2536,9-Jun-16,
455.747,451.1895,455.747,10-Jun-16,
453.0245,448.4943,453.0245,13-Jun-16,
453.1322,448.6009,453.1322,14-Jun-16,
457.5129,452.9378,457.5129,15-Jun-16,
454.0958,449.5548,454.0958,16-Jun-16,
455.4773,450.9225,455.4773,17-Jun-16,
458.0698,453.4891,458.0698,20-Jun-16,
458.2139,453.6318,458.2139,21-Jun-16,
458.0585,453.4779,458.0585,22-Jun-16,
461.6234,457.0072,461.6234,23-Jun-16,
453.9619,449.4223,453.9619,24-Jun-16,
454.8447,450.2963,454.8447,27-Jun-16,
455.6861,451.1292,455.6861,28-Jun-16,
460.4952,455.8902,460.4952,29-Jun-16,
465.9279,461.2686,465.9279,30-Jun-16,
468.3177,463.6345,468.3177,1-Jul-16,
471.0277,466.3174,471.0277,4-Jul-16,
469.1694,464.4777,469.1694,5-Jul-16,
468.9627,464.2731,468.9627,7-Jul-16,
469.0099,464.3198,469.0099,8-Jul-16,
474.9815,470.2317,474.9815,11-Jul-16,
477.6674,472.8907,477.6674,12-Jul-16,
476.6696,471.9029,476.6696,13-Jul-16,
478.9888,474.1989,478.9888,14-Jul-16,
478.2514,473.4689,478.2514,15-Jul-16,
476.268,471.5053,476.268,18-Jul-16,
476.4599,471.6953,476.4599,19-Jul-16,
478.6887,473.9018,478.6887,20-Jul-16,
477.2529,472.4804,477.2529,21-Jul-16,
478.9147,474.1256,478.9147,22-Jul-16,
482.9917,478.1618,482.9917,25-Jul-16,
480.6269,475.8206,480.6269,26-Jul-16,
480.2721,475.4694,480.2721,27-Jul-16,
481.529,476.7137,481.529,28-Jul-16,
480.8092,476.0011,480.8092,29-Jul-16,
480.6313,475.825,480.6313,1-Aug-16,
479.3855,474.5916,479.3855,2-Aug-16,
475.6663,470.9096,475.6663,3-Aug-16,
476.5522,471.7867,476.5522,4-Aug-16,
483.9306,479.0913,483.9306,5-Aug-16,
485.9396,481.0802,485.9396,8-Aug-16,
484.3848,479.541,484.3848,9-Aug-16,
478.4053,473.6212,478.4053,10-Aug-16,
478.5645,473.7789,478.5645,11-Aug-16,
481.1039,476.2929,481.1039,12-Aug-16,
480.8625,476.0539,480.8625,16-Aug-16,
481.5943,476.7784,481.5943,17-Aug-16,
486.1808,481.319,486.1808,18-Aug-16,
486.7941,481.9262,486.7941,19-Aug-16,
484.1276,479.2863,484.1276,22-Aug-16,
484.508,479.6629,484.508,23-Aug-16,
486.3561,481.4925,486.3561,24-Aug-16,
483.8036,478.9656,483.8036,25-Aug-16,
482.5686,477.7429,482.5686,26-Aug-16,
484.1034,479.2624,484.1034,29-Aug-16,
489.4428,484.5484,489.4428,30-Aug-16,
492.2431,487.3207,492.2431,31-Aug-16,
490.3578,485.4542,490.3578,1-Sep-16,
493.5124,488.5773,493.5124,2-Sep-16,
500.4463,495.4418,500.4463,6-Sep-16,
499.4487,494.4542,499.4487,7-Sep-16,
500.8551,495.8465,500.8551,8-Sep-16,
496.6751,491.7083,496.6751,9-Sep-16,
487.4344,482.5601,487.4344,12-Sep-16,
489.4206,484.5264,489.4206,14-Sep-16,
489.0064,484.1163,489.0064,15-Sep-16,
489.2563,484.3637,489.2563,16-Sep-16,
491.621,486.7048,491.621,19-Sep-16,
489.758,484.8604,489.758,20-Sep-16,
489.4042,484.5102,489.4042,21-Sep-16,
494.115,489.1739,494.115,22-Sep-16,
492.6565,487.7299,492.6565,23-Sep-16,
488.4167,483.5325,488.4167,26-Sep-16,
487.4576,482.583,487.4576,27-Sep-16,
490.7686,485.8609,490.7686,28-Sep-16,
481.1876,476.3757,481.1876,29-Sep-16,
485.8164,480.9582,485.8164,30-Sep-16,
492.2104,487.2883,492.2104,3-Oct-16,
495.5407,490.5853,495.5407,4-Oct-16,
496.0712,491.1105,496.0712,5-Oct-16,
494.3399,489.3965,494.3399,6-Oct-16,
493.8173,488.8791,493.8173,7-Oct-16,
494.3557,489.4121,494.3557,10-Oct-16,
488.3037,483.4207,488.3037,13-Oct-16,
489.5995,484.7035,489.5995,14-Oct-16,
486.1743,481.3126,486.1743,17-Oct-16,
492.5642,487.6386,492.5642,18-Oct-16,
492.0759,487.1551,492.0759,19-Oct-16,
493.9022,488.9632,493.9022,20-Oct-16,
,,,,
,,,,
