NAV,RP,SP,Date
10,10,10,1-Jan-07
10,10,10,2-Jan-07
0,0,0,4-Jan-07
10.05,9.95,10.05,5-Jan-07
10.04,9.94,10.04,8-Jan-07
10.04,9.94,10.04,9-Jan-07
10.05,9.95,10.05,10-Jan-07
10.03,9.93,10.03,11-Jan-07
10.05,9.95,10.05,12-Jan-07
10.06,9.96,10.06,15-Jan-07
10.06,9.96,10.06,16-Jan-07
10.07,9.97,10.07,17-Jan-07
10.07,9.97,10.07,18-Jan-07
10.08,9.98,10.08,19-Jan-07
10.07,9.97,10.07,22-Jan-07
10.08,9.98,10.08,23-Jan-07
10.08,9.98,10.08,24-Jan-07
10.1,10,10.1,25-Jan-07
10.12,10.01,10.12,29-Jan-07
10.12,10.02,10.12,31-Jan-07
10.11,10.01,10.11,1-Feb-07
10.12,10.02,10.12,2-Feb-07
10.13,10.03,10.13,5-Feb-07
10.13,10.03,10.13,6-Feb-07
10.13,10.03,10.13,7-Feb-07
10.13,10.03,10.13,8-Feb-07
10.15,10.05,10.15,9-Feb-07
10.16,10.06,10.16,12-Feb-07
10.15,10.05,10.15,13-Feb-07
10.14,10.04,10.14,14-Feb-07
10.15,10.05,10.15,15-Feb-07
10.16,10.05,10.16,19-Feb-07
10.16,10.06,10.16,20-Feb-07
10.16,10.05,10.16,21-Feb-07
10.15,10.05,10.15,22-Feb-07
10.19,10.09,10.19,23-Feb-07
10.17,10.07,10.17,26-Feb-07
10.19,10.09,10.19,27-Feb-07
10.2,10.1,10.2,28-Feb-07
10.18,10.08,10.18,1-Mar-07
10.2,10.1,10.2,2-Mar-07
10.21,10.11,10.21,5-Mar-07
10.2,10.09,10.2,6-Mar-07
10.2,10.1,10.2,7-Mar-07
10.19,10.09,10.19,8-Mar-07
10.2,10.1,10.2,9-Mar-07
10.2,10.1,10.2,12-Mar-07
10.19,10.09,10.19,13-Mar-07
10.22,10.12,10.22,14-Mar-07
10.22,10.12,10.22,15-Mar-07
10.23,10.12,10.23,16-Mar-07
10.22,10.11,10.22,19-Mar-07
10.24,10.14,10.24,20-Mar-07
10.23,10.13,10.23,21-Mar-07
10.23,10.13,10.23,22-Mar-07
10.23,10.13,10.23,23-Mar-07
10.23,10.13,10.23,26-Mar-07
10.25,10.14,10.25,28-Mar-07
10.22,10.11,10.22,29-Mar-07
10.24,10.14,10.24,30-Mar-07
10.26,10.16,10.26,2-Apr-07
10.26,10.16,10.26,3-Apr-07
10.26,10.16,10.26,4-Apr-07
10.27,10.17,10.27,5-Apr-07
10.27,10.17,10.27,9-Apr-07
10.28,10.18,10.28,10-Apr-07
10.29,10.18,10.29,11-Apr-07
10.29,10.19,10.29,12-Apr-07
10.28,10.18,10.28,13-Apr-07
10.29,10.19,10.29,16-Apr-07
10.34,10.24,10.34,17-Apr-07
10.32,10.22,10.32,18-Apr-07
10.33,10.23,10.33,19-Apr-07
10.32,10.22,10.32,20-Apr-07
10.36,10.31,10.36,23-Apr-07
10.4,10.34,10.4,24-Apr-07
10.39,10.34,10.39,25-Apr-07
10.4,10.34,10.4,26-Apr-07
10.43,10.37,10.43,27-Apr-07
10.4,10.35,10.4,30-Apr-07
10.4,10.34,10.4,3-May-07
10.41,10.35,10.41,4-May-07
10.43,10.38,10.43,7-May-07
10.43,10.38,10.43,8-May-07
10.42,10.37,10.42,9-May-07
10.46,10.41,10.46,10-May-07
10.46,10.41,10.46,11-May-07
10.46,10.41,10.46,14-May-07
10.46,10.41,10.46,15-May-07
10.55,10.5,10.55,16-May-07
10.56,10.51,10.56,17-May-07
10.55,10.5,10.55,18-May-07
10.58,10.53,10.58,21-May-07
10.58,10.53,10.58,22-May-07
10.58,10.53,10.58,23-May-07
10.56,10.5,10.56,24-May-07
10.56,10.51,10.56,25-May-07
10.56,10.51,10.56,28-May-07
10.55,10.49,10.55,29-May-07
10.56,10.51,10.56,30-May-07
10.56,10.51,10.56,31-May-07
10.57,10.51,10.57,1-Jun-07
10.58,10.52,10.58,4-Jun-07
10.56,10.51,10.56,5-Jun-07
10.58,10.53,10.58,6-Jun-07
10.58,10.53,10.58,7-Jun-07
10.59,10.53,10.59,8-Jun-07
10.65,10.6,10.65,11-Jun-07
10.64,10.59,10.64,12-Jun-07
10.65,10.6,10.65,13-Jun-07
10.65,10.59,10.65,14-Jun-07
10.66,10.61,10.66,15-Jun-07
10.66,10.61,10.66,18-Jun-07
10.65,10.6,10.65,19-Jun-07
10.65,10.6,10.65,20-Jun-07
10.66,10.61,10.66,21-Jun-07
10.66,10.6,10.66,22-Jun-07
10.67,10.61,10.67,25-Jun-07
10.67,10.61,10.67,26-Jun-07
10.66,10.61,10.66,27-Jun-07
10.67,10.61,10.67,28-Jun-07
10.68,10.63,10.68,29-Jun-07
10.68,10.63,10.68,2-Jul-07
10.68,10.63,10.68,3-Jul-07
10.68,10.63,10.68,4-Jul-07
10.68,10.63,10.68,5-Jul-07
10.69,10.64,10.69,6-Jul-07
10.7,10.64,10.7,9-Jul-07
10.7,10.64,10.7,10-Jul-07
10.69,10.64,10.69,11-Jul-07
10.7,10.64,10.7,12-Jul-07
10.71,10.66,10.71,13-Jul-07
10.7,10.65,10.7,16-Jul-07
10.71,10.65,10.71,17-Jul-07
10.7,10.65,10.7,18-Jul-07
10.71,10.66,10.71,19-Jul-07
10.72,10.67,10.72,20-Jul-07
10.72,10.67,10.72,23-Jul-07
10.74,10.69,10.74,24-Jul-07
10.74,10.68,10.74,25-Jul-07
10.73,10.68,10.73,26-Jul-07
10.76,10.7,10.76,27-Jul-07
10.76,10.71,10.76,30-Jul-07
10.75,10.7,10.75,31-Jul-07
10.79,10.74,10.79,1-Aug-07
10.78,10.73,10.78,2-Aug-07
10.78,10.73,10.78,3-Aug-07
10.78,10.72,10.78,6-Aug-07
10.78,10.73,10.78,7-Aug-07
10.78,10.73,10.78,8-Aug-07
10.8,10.75,10.8,9-Aug-07
10.79,10.73,10.79,10-Aug-07
10.79,10.73,10.79,13-Aug-07
10.79,10.74,10.79,14-Aug-07
10.8,10.75,10.8,16-Aug-07
10.8,10.74,10.8,17-Aug-07
10.8,10.74,10.8,20-Aug-07
10.81,10.76,10.81,21-Aug-07
10.8,10.74,10.8,22-Aug-07
10.81,10.76,10.81,23-Aug-07
10.81,10.75,10.81,24-Aug-07
10.82,10.77,10.82,27-Aug-07
10.84,10.78,10.84,28-Aug-07
10.82,10.77,10.82,29-Aug-07
10.82,10.77,10.82,30-Aug-07
10.83,10.77,10.83,31-Aug-07
10.83,10.78,10.83,3-Sep-07
10.84,10.79,10.84,4-Sep-07
10.85,10.8,10.85,5-Sep-07
10.84,10.78,10.84,6-Sep-07
10.84,10.79,10.84,7-Sep-07
10.83,10.78,10.83,10-Sep-07
10.84,10.79,10.84,11-Sep-07
10.85,10.79,10.85,12-Sep-07
10.84,10.79,10.84,13-Sep-07
10.85,10.8,10.85,14-Sep-07
10.84,10.79,10.84,17-Sep-07
10.84,10.78,10.84,18-Sep-07
10.85,10.8,10.85,19-Sep-07
10.86,10.8,10.86,20-Sep-07
10.86,10.8,10.86,21-Sep-07
10.85,10.8,10.85,24-Sep-07
10.86,10.8,10.86,25-Sep-07
10.86,10.8,10.86,26-Sep-07
10.85,10.8,10.85,27-Sep-07
10.87,10.81,10.87,28-Sep-07
10.88,10.82,10.88,1-Oct-07
10.89,10.84,10.89,3-Oct-07
10.88,10.83,10.88,4-Oct-07
10.91,10.86,10.91,5-Oct-07
10.92,10.87,10.92,8-Oct-07
10.91,10.85,10.91,9-Oct-07
10.91,10.86,10.91,10-Oct-07
10.91,10.86,10.91,11-Oct-07
10.92,10.87,10.92,12-Oct-07
10.9,10.85,10.9,15-Oct-07
10.9,10.85,10.9,16-Oct-07
10.9,10.85,10.9,17-Oct-07
10.95,10.9,10.95,18-Oct-07
10.94,10.89,10.94,19-Oct-07
10.94,10.88,10.94,22-Oct-07
10.93,10.88,10.93,23-Oct-07
10.95,10.89,10.95,24-Oct-07
10.94,10.89,10.94,25-Oct-07
10.94,10.88,10.94,26-Oct-07
10.96,10.9,10.96,29-Oct-07
10.95,10.89,10.95,30-Oct-07
10.95,10.9,10.95,31-Oct-07
10.97,10.91,10.97,1-Nov-07
10.93,10.87,10.93,2-Nov-07
10.95,10.9,10.95,5-Nov-07
10.96,10.9,10.96,6-Nov-07
10.95,10.9,10.95,7-Nov-07
10.94,10.88,10.94,8-Nov-07
10.94,10.89,10.94,12-Nov-07
10.95,10.9,10.95,13-Nov-07
10.97,10.91,10.97,14-Nov-07
10.98,10.92,10.98,15-Nov-07
10.98,10.92,10.98,16-Nov-07
10.96,10.91,10.96,19-Nov-07
10.97,10.92,10.97,20-Nov-07
10.99,10.94,10.99,21-Nov-07
10.97,10.91,10.97,22-Nov-07
10.98,10.92,10.98,23-Nov-07
10.99,10.93,10.99,26-Nov-07
11.01,10.95,11.01,27-Nov-07
11.02,10.96,11.02,28-Nov-07
10.97,10.91,10.97,29-Nov-07
11,10.95,11,30-Nov-07
11.02,10.97,11.02,3-Dec-07
11.02,10.97,11.02,4-Dec-07
11.01,10.95,11.01,5-Dec-07
11.03,10.97,11.03,6-Dec-07
11.03,10.98,11.03,7-Dec-07
11.04,10.99,11.04,10-Dec-07
11.05,10.99,11.05,11-Dec-07
11.04,10.98,11.04,12-Dec-07
11.05,11,11.05,13-Dec-07
11.03,10.98,11.03,14-Dec-07
11.06,11,11.06,17-Dec-07
11.03,10.98,11.03,18-Dec-07
11.05,10.99,11.05,19-Dec-07
11.06,11.01,11.06,20-Dec-07
11.05,11,11.05,24-Dec-07
11.07,11.01,11.07,26-Dec-07
11.03,10.97,11.03,27-Dec-07
11.07,11.01,11.07,28-Dec-07
11.06,11,11.06,31-Dec-07
11.09,11.03,11.09,1-Jan-08
11.09,11.04,11.09,2-Jan-08
11.11,11.05,11.11,3-Jan-08
11.12,11.07,11.12,4-Jan-08
11.11,11.05,11.11,7-Jan-08
11.14,11.08,11.14,8-Jan-08
11.14,11.08,11.14,9-Jan-08
11.15,11.09,11.15,10-Jan-08
11.13,11.08,11.13,11-Jan-08
11.13,11.08,11.13,14-Jan-08
11.15,11.1,11.15,15-Jan-08
11.13,11.07,11.13,16-Jan-08
11.13,11.07,11.13,17-Jan-08
11.15,11.1,11.15,18-Jan-08
11.21,11.16,11.21,21-Jan-08
11.25,11.2,11.25,22-Jan-08
11.23,11.18,11.23,23-Jan-08
11.2,11.15,11.2,24-Jan-08
11.18,11.13,11.18,25-Jan-08
11.19,11.13,11.19,28-Jan-08
11.2,11.14,11.2,29-Jan-08
11.2,11.15,11.2,30-Jan-08
11.21,11.15,11.21,31-Jan-08
11.19,11.14,11.19,1-Feb-08
11.21,11.16,11.21,4-Feb-08
11.21,11.15,11.21,5-Feb-08
11.23,11.17,11.23,6-Feb-08
11.23,11.18,11.23,7-Feb-08
11.23,11.18,11.23,8-Feb-08
11.27,11.21,11.27,11-Feb-08
11.27,11.22,11.27,12-Feb-08
11.26,11.21,11.26,13-Feb-08
11.25,11.2,11.25,14-Feb-08
11.25,11.2,11.25,15-Feb-08
11.26,11.2,11.26,18-Feb-08
11.26,11.21,11.26,19-Feb-08
11.27,11.21,11.27,20-Feb-08
11.27,11.21,11.27,21-Feb-08
11.27,11.21,11.27,22-Feb-08
11.26,11.2,11.26,25-Feb-08
11.27,11.22,11.27,26-Feb-08
11.3,11.24,11.3,27-Feb-08
11.27,11.22,11.27,28-Feb-08
11.31,11.25,11.31,29-Feb-08
11.32,11.26,11.32,3-Mar-08
11.29,11.24,11.29,4-Mar-08
11.28,11.22,11.28,5-Mar-08
11.31,11.25,11.31,7-Mar-08
11.29,11.24,11.29,10-Mar-08
11.3,11.24,11.3,11-Mar-08
11.31,11.26,11.31,12-Mar-08
11.31,11.26,11.31,13-Mar-08
11.29,11.24,11.29,14-Mar-08
11.31,11.25,11.31,17-Mar-08
11.3,11.24,11.3,18-Mar-08
11.31,11.25,11.31,19-Mar-08
11.3,11.24,11.3,24-Mar-08
11.31,11.25,11.31,25-Mar-08
11.31,11.26,11.31,26-Mar-08
11.3,11.24,11.3,27-Mar-08
11.31,11.25,11.31,28-Mar-08
11.35,11.29,11.35,31-Mar-08
11.32,11.26,11.32,1-Apr-08
11.35,11.29,11.35,2-Apr-08
11.33,11.27,11.33,3-Apr-08
11.35,11.29,11.35,4-Apr-08
11.34,11.28,11.34,7-Apr-08
11.36,11.3,11.36,8-Apr-08
11.36,11.3,11.36,9-Apr-08
11.37,11.31,11.37,10-Apr-08
11.37,11.31,11.37,11-Apr-08
11.35,11.29,11.35,15-Apr-08
11.37,11.31,11.37,16-Apr-08
11.37,11.31,11.37,17-Apr-08
11.37,11.31,11.37,21-Apr-08
11.38,11.32,11.38,22-Apr-08
11.39,11.33,11.39,23-Apr-08
11.39,11.33,11.39,24-Apr-08
11.39,11.33,11.39,25-Apr-08
11.4,11.34,11.4,28-Apr-08
11.39,11.33,11.39,29-Apr-08
11.39,11.33,11.39,30-Apr-08
11.39,11.33,11.39,2-May-08
11.41,11.35,11.41,5-May-08
11.39,11.33,11.39,6-May-08
11.4,11.34,11.4,7-May-08
11.4,11.34,11.4,8-May-08
11.42,11.36,11.42,9-May-08
11.41,11.35,11.41,12-May-08
11.43,11.37,11.43,13-May-08
11.42,11.36,11.42,14-May-08
11.44,11.38,11.44,15-May-08
11.45,11.39,11.45,16-May-08
11.45,11.39,11.45,20-May-08
11.44,11.38,11.44,21-May-08
11.46,11.4,11.46,22-May-08
11.46,11.4,11.46,23-May-08
11.45,11.39,11.45,26-May-08
11.47,11.41,11.47,27-May-08
11.46,11.4,11.46,28-May-08
11.45,11.39,11.45,29-May-08
11.48,11.42,11.48,30-May-08
11.49,11.43,11.49,2-Jun-08
11.46,11.4,11.46,3-Jun-08
11.49,11.43,11.49,4-Jun-08
11.46,11.4,11.46,5-Jun-08
11.5,11.44,11.5,6-Jun-08
11.49,11.43,11.49,9-Jun-08
11.47,11.41,11.47,10-Jun-08
11.49,11.43,11.49,11-Jun-08
11.48,11.42,11.48,12-Jun-08
11.5,11.44,11.5,13-Jun-08
11.49,11.43,11.49,16-Jun-08
11.48,11.42,11.48,17-Jun-08
11.5,11.44,11.5,18-Jun-08
11.49,11.43,11.49,19-Jun-08
11.5,11.44,11.5,20-Jun-08
11.5,11.44,11.5,23-Jun-08
11.52,11.46,11.52,24-Jun-08
11.51,11.45,11.51,25-Jun-08
11.53,11.47,11.53,26-Jun-08
11.52,11.46,11.52,27-Jun-08
11.52,11.46,11.52,30-Jun-08
11.53,11.47,11.53,1-Jul-08
11.49,11.43,11.49,2-Jul-08
11.53,11.47,11.53,3-Jul-08
11.51,11.45,11.51,4-Jul-08
11.54,11.48,11.54,7-Jul-08
11.54,11.48,11.54,8-Jul-08
11.52,11.46,11.52,9-Jul-08
11.53,11.47,11.53,10-Jul-08
11.55,11.49,11.55,11-Jul-08
11.52,11.46,11.52,14-Jul-08
11.55,11.49,11.55,15-Jul-08
11.54,11.48,11.54,16-Jul-08
11.55,11.49,11.55,17-Jul-08
11.54,11.48,11.54,18-Jul-08
11.52,11.46,11.52,21-Jul-08
11.52,11.46,11.52,22-Jul-08
11.52,11.46,11.52,23-Jul-08
11.54,11.48,11.54,24-Jul-08
11.53,11.47,11.53,25-Jul-08
11.54,11.48,11.54,28-Jul-08
11.54,11.48,11.54,29-Jul-08
11.54,11.48,11.54,30-Jul-08
11.55,11.49,11.55,31-Jul-08
11.54,11.48,11.54,1-Aug-08
11.54,11.48,11.54,4-Aug-08
11.53,11.47,11.53,5-Aug-08
11.57,11.51,11.57,6-Aug-08
11.55,11.49,11.55,7-Aug-08
11.55,11.49,11.55,8-Aug-08
11.55,11.49,11.55,11-Aug-08
11.56,11.5,11.56,12-Aug-08
11.55,11.49,11.55,13-Aug-08
11.57,11.51,11.57,14-Aug-08
11.58,11.52,11.58,18-Aug-08
11.56,11.5,11.56,19-Aug-08
11.57,11.51,11.57,20-Aug-08
11.59,11.53,11.59,21-Aug-08
11.59,11.53,11.59,22-Aug-08
11.6,11.54,11.6,25-Aug-08
11.59,11.53,11.59,26-Aug-08
11.6,11.54,11.6,27-Aug-08
11.6,11.54,11.6,28-Aug-08
11.6,11.54,11.6,29-Aug-08
11.61,11.55,11.61,1-Sep-08
11.6,11.54,11.6,2-Sep-08
11.61,11.55,11.61,4-Sep-08
11.6,11.54,11.6,5-Sep-08
11.6,11.54,11.6,8-Sep-08
11.6,11.54,11.6,9-Sep-08
11.61,11.55,11.61,10-Sep-08
11.61,11.55,11.61,11-Sep-08
11.61,11.55,11.61,12-Sep-08
11.64,11.58,11.64,15-Sep-08
11.62,11.56,11.62,16-Sep-08
11.64,11.58,11.64,17-Sep-08
11.65,11.59,11.65,18-Sep-08
11.64,11.58,11.64,19-Sep-08
11.66,11.6,11.66,22-Sep-08
11.65,11.59,11.65,23-Sep-08
11.66,11.6,11.66,24-Sep-08
11.65,11.59,11.65,25-Sep-08
11.69,11.63,11.69,26-Sep-08
11.7,11.64,11.7,29-Sep-08
11.7,11.64,11.7,30-Sep-08
11.7,11.64,11.7,1-Oct-08
11.67,11.61,11.67,3-Oct-08
11.62,11.56,11.62,6-Oct-08
11.6,11.54,11.6,7-Oct-08
11.57,11.51,11.57,8-Oct-08
11.57,11.51,11.57,10-Oct-08
11.57,11.51,11.57,13-Oct-08
11.65,11.59,11.65,14-Oct-08
11.64,11.58,11.64,15-Oct-08
11.73,11.67,11.73,16-Oct-08
11.75,11.69,11.75,17-Oct-08
11.74,11.68,11.74,20-Oct-08
11.75,11.69,11.75,21-Oct-08
11.76,11.7,11.76,22-Oct-08
11.77,11.71,11.77,23-Oct-08
11.77,11.71,11.77,24-Oct-08
11.78,11.72,11.78,27-Oct-08
11.78,11.72,11.78,29-Oct-08
11.79,11.73,11.79,31-Oct-08
11.79,11.73,11.79,3-Nov-08
11.77,11.71,11.77,4-Nov-08
11.82,11.76,11.82,5-Nov-08
11.81,11.75,11.81,6-Nov-08
11.81,11.75,11.81,7-Nov-08
11.79,11.73,11.79,10-Nov-08
11.83,11.77,11.83,11-Nov-08
11.83,11.77,11.83,12-Nov-08
11.82,11.76,11.82,14-Nov-08
11.82,11.76,11.82,17-Nov-08
11.84,11.78,11.84,18-Nov-08
11.85,11.79,11.85,19-Nov-08
11.84,11.78,11.84,20-Nov-08
11.83,11.77,11.83,21-Nov-08
11.84,11.78,11.84,24-Nov-08
11.85,11.79,11.85,25-Nov-08
11.85,11.79,11.85,26-Nov-08
11.84,11.78,11.84,28-Nov-08
11.87,11.81,11.87,1-Dec-08
11.87,11.81,11.87,2-Dec-08
11.87,11.81,11.87,3-Dec-08
11.85,11.79,11.85,4-Dec-08
11.89,11.83,11.89,5-Dec-08
11.87,11.81,11.87,8-Dec-08
11.87,11.81,11.87,8-Dec-08
11.87,11.81,11.87,10-Dec-08
11.88,11.82,11.88,11-Dec-08
11.89,11.83,11.89,12-Dec-08
11.89,11.83,11.89,15-Dec-08
11.88,11.82,11.88,16-Dec-08
11.92,11.86,11.92,17-Dec-08
11.88,11.82,11.88,18-Dec-08
11.9,11.84,11.9,19-Dec-08
11.91,11.85,11.91,22-Dec-08
11.92,11.86,11.92,23-Dec-08
11.92,11.86,11.92,24-Dec-08
11.95,11.89,11.95,26-Dec-08
11.94,11.88,11.94,29-Dec-08
11.95,11.89,11.95,30-Dec-08
11.98,11.92,11.98,31-Dec-08
11.94,11.88,11.94,1-Jan-09
11.96,11.9,11.96,2-Jan-09
11.97,11.91,11.97,5-Jan-09
11.97,11.91,11.97,6-Jan-09
11.98,11.92,11.98,7-Jan-09
11.98,11.92,11.98,9-Jan-09
11.99,11.93,11.99,12-Jan-09
11.99,11.93,11.99,13-Jan-09
12,11.94,12,14-Jan-09
12,11.94,12,15-Jan-09
11.99,11.93,11.99,16-Jan-09
11.97,11.91,11.97,19-Jan-09
11.96,11.9,11.96,20-Jan-09
11.87,11.81,11.87,21-Jan-09
11.92,11.86,11.92,22-Jan-09
11.97,11.91,11.97,23-Jan-09
11.95,11.89,11.95,27-Jan-09
11.95,11.89,11.95,28-Jan-09
12.02,11.96,12.02,29-Jan-09
12,11.94,12,30-Jan-09
12.02,11.96,12.02,2-Feb-09
12.01,11.95,12.01,3-Feb-09
12.02,11.96,12.02,4-Feb-09
12.01,11.95,12.01,5-Feb-09
12.02,11.96,12.02,6-Feb-09
12.02,11.96,12.02,9-Feb-09
12.01,11.95,12.01,10-Feb-09
12,11.94,12,11-Feb-09
12.02,11.96,12.02,12-Feb-09
12.02,11.96,12.02,13-Feb-09
12.03,11.97,12.03,16-Feb-09
12.02,11.96,12.02,17-Feb-09
12.03,11.97,12.03,18-Feb-09
12.03,11.97,12.03,19-Feb-09
12.04,11.98,12.04,20-Feb-09
12.04,11.98,12.04,24-Feb-09
12.04,11.98,12.04,25-Feb-09
12.04,11.98,12.04,26-Feb-09
12.06,12,12.06,27-Feb-09
12.08,12.02,12.08,2-Mar-09
12.07,12.01,12.07,3-Mar-09
12.05,11.99,12.05,4-Mar-09
12.06,12,12.06,5-Mar-09
12.04,11.98,12.04,6-Mar-09
12.06,12,12.06,9-Mar-09
12.06,12,12.06,12-Mar-09
12.06,12,12.06,13-Mar-09
12.07,12.01,12.07,16-Mar-09
12.07,12.01,12.07,17-Mar-09
12.09,12.03,12.09,18-Mar-09
12.07,12.01,12.07,19-Mar-09
12.08,12.02,12.08,20-Mar-09
12.08,12.02,12.08,23-Mar-09
12.09,12.03,12.09,24-Mar-09
12.08,12.02,12.08,25-Mar-09
12.09,12.03,12.09,26-Mar-09
12.08,12.02,12.08,27-Mar-09
12.1,12.04,12.1,30-Mar-09
12.11,12.05,12.11,31-Mar-09
12.1,12.04,12.1,1-Apr-09
12.08,12.02,12.08,2-Apr-09
12.1,12.04,12.1,6-Apr-09
12.08,12.02,12.08,8-Apr-09
12.09,12.03,12.09,9-Apr-09
12.1,12.04,12.1,13-Apr-09
12.09,12.03,12.09,15-Apr-09
12.11,12.05,12.11,16-Apr-09
12.12,12.06,12.12,17-Apr-09
12.12,12.06,12.12,20-Apr-09
12.12,12.05,12.12,21-Apr-09
12.13,12.07,12.13,22-Apr-09
12.11,12.05,12.11,23-Apr-09
12.12,12.06,12.12,24-Apr-09
12.14,12.07,12.14,27-Apr-09
12.15,12.09,12.15,28-Apr-09
12.14,12.08,12.14,29-Apr-09
12.14,12.08,12.14,4-May-09
12.14,12.08,12.14,5-May-09
12.14,12.08,12.14,6-May-09
12.15,12.09,12.15,7-May-09
12.14,12.08,12.14,8-May-09
12.16,12.1,12.16,11-May-09
12.14,12.08,12.14,12-May-09
12.16,12.1,12.16,13-May-09
12.14,12.08,12.14,14-May-09
12.15,12.09,12.15,15-May-09
12.09,12.03,12.09,19-May-09
12.12,12.06,12.12,20-May-09
12.14,12.08,12.14,21-May-09
12.13,12.07,12.13,22-May-09
12.14,12.08,12.14,25-May-09
12.16,12.1,12.16,26-May-09
12.14,12.08,12.14,27-May-09
12.16,12.1,12.16,28-May-09
12.16,12.1,12.16,29-May-09
12.16,12.1,12.16,1-Jun-09
12.17,12.11,12.17,2-Jun-09
12.18,12.12,12.18,3-Jun-09
12.17,12.1,12.17,4-Jun-09
12.19,12.13,12.19,5-Jun-09
12.2,12.13,12.2,8-Jun-09
12.18,12.12,12.18,9-Jun-09
12.19,12.13,12.19,10-Jun-09
12.2,12.14,12.2,11-Jun-09
12.22,12.16,12.22,12-Jun-09
12.27,12.2,12.27,15-Jun-09
12.25,12.19,12.25,16-Jun-09
12.27,12.21,12.27,17-Jun-09
12.22,12.16,12.22,18-Jun-09
12.22,12.16,12.22,19-Jun-09
12.23,12.17,12.23,22-Jun-09
12.19,12.13,12.19,23-Jun-09
12.19,12.13,12.19,24-Jun-09
12.18,12.12,12.18,25-Jun-09
12.21,12.15,12.21,26-Jun-09
12.24,12.18,12.24,29-Jun-09
12.35,12.28,12.35,30-Jun-09
12.31,12.25,12.31,1-Jul-09
12.32,12.26,12.32,2-Jul-09
12.32,12.26,12.32,3-Jul-09
12.36,12.3,12.36,6-Jul-09
12.34,12.28,12.34,7-Jul-09
12.37,12.3,12.37,8-Jul-09
12.33,12.27,12.33,9-Jul-09
12.34,12.28,12.34,10-Jul-09
12.34,12.27,12.34,13-Jul-09
12.33,12.27,12.33,14-Jul-09
12.33,12.27,12.33,15-Jul-09
12.34,12.28,12.34,16-Jul-09
12.31,12.25,12.31,17-Jul-09
12.32,12.26,12.32,20-Jul-09
12.32,12.26,12.32,21-Jul-09
12.34,12.27,12.34,22-Jul-09
12.31,12.25,12.31,23-Jul-09
12.31,12.25,12.31,24-Jul-09
12.32,12.26,12.32,27-Jul-09
12.33,12.26,12.33,28-Jul-09
12.32,12.26,12.32,29-Jul-09
12.32,12.26,12.32,30-Jul-09
12.32,12.26,12.32,31-Jul-09
12.32,12.26,12.32,3-Aug-09
12.34,12.28,12.34,4-Aug-09
12.32,12.26,12.32,5-Aug-09
12.35,12.29,12.35,6-Aug-09
12.35,12.29,12.35,7-Aug-09
12.35,12.29,12.35,10-Aug-09
12.34,12.28,12.34,11-Aug-09
12.33,12.27,12.33,12-Aug-09
12.33,12.27,12.33,13-Aug-09
12.35,12.29,12.35,14-Aug-09
12.36,12.3,12.36,17-Aug-09
12.33,12.27,12.33,18-Aug-09
12.35,12.29,12.35,19-Aug-09
12.33,12.27,12.33,20-Aug-09
12.34,12.27,12.34,21-Aug-09
12.34,12.28,12.34,24-Aug-09
12.34,12.28,12.34,25-Aug-09
12.34,12.28,12.34,26-Aug-09
12.33,12.27,12.33,27-Aug-09
12.38,12.32,12.38,28-Aug-09
12.4,12.34,12.4,31-Aug-09
12.43,12.36,12.43,1-Sep-09
12.4,12.34,12.4,2-Sep-09
12.41,12.35,12.41,3-Sep-09
12.4,12.34,12.4,4-Sep-09
12.4,12.34,12.4,7-Sep-09
12.43,12.36,12.43,8-Sep-09
12.42,12.36,12.42,9-Sep-09
12.43,12.37,12.43,10-Sep-09
12.42,12.36,12.42,11-Sep-09
12.43,12.36,12.43,14-Sep-09
12.43,12.37,12.43,15-Sep-09
12.43,12.37,12.43,16-Sep-09
12.44,12.38,12.44,17-Sep-09
12.44,12.38,12.44,18-Sep-09
12.43,12.37,12.43,22-Sep-09
12.47,12.41,12.47,23-Sep-09
12.45,12.39,12.45,24-Sep-09
12.47,12.41,12.47,25-Sep-09
12.47,12.41,12.47,29-Sep-09
12.47,12.41,12.47,30-Sep-09
12.49,12.43,12.49,1-Oct-09
12.48,12.42,12.48,5-Oct-09
12.48,12.41,12.48,6-Oct-09
12.5,12.44,12.5,7-Oct-09
12.5,12.43,12.5,8-Oct-09
12.51,12.45,12.51,9-Oct-09
12.49,12.42,12.49,12-Oct-09
12.49,12.43,12.49,14-Oct-09
12.51,12.44,12.51,15-Oct-09
12.5,12.43,12.5,16-Oct-09
12.51,12.45,12.51,20-Oct-09
12.5,12.44,12.5,21-Oct-09
12.49,12.43,12.49,22-Oct-09
12.5,12.44,12.5,23-Oct-09
12.51,12.45,12.51,26-Oct-09
12.52,12.45,12.52,27-Oct-09
12.51,12.45,12.51,28-Oct-09
12.5,12.44,12.5,29-Oct-09
12.53,12.47,12.53,30-Oct-09
12.53,12.47,12.53,3-Nov-09
12.52,12.46,12.52,4-Nov-09
12.51,12.45,12.51,5-Nov-09
12.53,12.47,12.53,6-Nov-09
12.51,12.45,12.51,9-Nov-09
12.53,12.46,12.53,10-Nov-09
12.52,12.46,12.52,11-Nov-09
12.53,12.46,12.53,12-Nov-09
12.53,12.46,12.53,13-Nov-09
12.52,12.46,12.52,16-Nov-09
12.52,12.46,12.52,17-Nov-09
12.53,12.47,12.53,18-Nov-09
12.55,12.49,12.55,19-Nov-09
12.53,12.46,12.53,20-Nov-09
12.53,12.47,12.53,23-Nov-09
12.53,12.46,12.53,24-Nov-09
12.52,12.46,12.52,25-Nov-09
12.56,12.5,12.56,26-Nov-09
12.56,12.49,12.56,27-Nov-09
12.55,12.49,12.55,30-Nov-09
12.52,12.45,12.52,1-Dec-09
12.52,12.46,12.52,2-Dec-09
12.51,12.45,12.51,3-Dec-09
12.5,12.43,12.5,4-Dec-09
12.5,12.44,12.5,7-Dec-09
12.47,12.41,12.47,8-Dec-09
12.48,12.41,12.48,9-Dec-09
12.49,12.42,12.49,10-Dec-09
12.49,12.43,12.49,11-Dec-09
12.49,12.43,12.49,14-Dec-09
12.5,12.44,12.5,15-Dec-09
12.48,12.42,12.48,16-Dec-09
12.48,12.42,12.48,17-Dec-09
12.47,12.41,12.47,18-Dec-09
12.47,12.41,12.47,21-Dec-09
12.47,12.41,12.47,22-Dec-09
12.45,12.39,12.45,23-Dec-09
12.44,12.38,12.44,24-Dec-09
12.42,12.36,12.42,29-Dec-09
12.44,12.38,12.44,30-Dec-09
12.42,12.36,12.42,31-Dec-09
12.41,12.34,12.41,4-Jan-10
12.43,12.37,12.43,5-Jan-10
12.43,12.37,12.43,6-Jan-10
12.44,12.38,12.44,7-Jan-10
12.44,12.37,12.44,8-Jan-10
12.43,12.37,12.43,11-Jan-10
12.45,12.38,12.45,12-Jan-10
12.43,12.37,12.43,13-Jan-10
12.44,12.38,12.44,14-Jan-10
12.42,12.36,12.42,15-Jan-10
12.41,12.35,12.41,18-Jan-10
12.43,12.37,12.43,19-Jan-10
12.43,12.37,12.43,20-Jan-10
12.45,12.38,12.45,21-Jan-10
12.45,12.39,12.45,22-Jan-10
12.45,12.39,12.45,25-Jan-10
12.49,12.43,12.49,27-Jan-10
12.47,12.4,12.47,28-Jan-10
12.49,12.42,12.49,29-Jan-10
12.46,12.4,12.46,1-Feb-10
12.5,12.44,12.5,2-Feb-10
12.47,12.4,12.47,3-Feb-10
12.5,12.43,12.5,4-Feb-10
12.48,12.42,12.48,5-Feb-10
12.5,12.43,12.5,8-Feb-10
12.5,12.44,12.5,9-Feb-10
12.51,12.45,12.51,10-Feb-10
12.49,12.43,12.49,11-Feb-10
12.51,12.44,12.51,15-Feb-10
12.48,12.42,12.48,16-Feb-10
12.48,12.42,12.48,17-Feb-10
12.49,12.43,12.49,18-Feb-10
12.49,12.42,12.49,19-Feb-10
12.48,12.42,12.48,22-Feb-10
12.49,12.43,12.49,23-Feb-10
12.49,12.43,12.49,24-Feb-10
12.5,12.44,12.5,25-Feb-10
12.48,12.42,12.48,26-Feb-10
12.45,12.39,12.45,2-Mar-10
12.45,12.39,12.45,3-Mar-10
12.44,12.38,12.44,4-Mar-10
12.45,12.39,12.45,5-Mar-10
12.46,12.4,12.46,8-Mar-10
12.47,12.41,12.47,9-Mar-10
12.46,12.4,12.46,10-Mar-10
12.47,12.41,12.47,11-Mar-10
12.48,12.42,12.48,12-Mar-10
12.48,12.42,12.48,15-Mar-10
12.45,12.39,12.45,16-Mar-10
12.47,12.41,12.47,17-Mar-10
12.45,12.39,12.45,18-Mar-10
12.45,12.39,12.45,19-Mar-10
12.47,12.41,12.47,22-Mar-10
12.47,12.41,12.47,23-Mar-10
12.46,12.4,12.46,25-Mar-10
12.47,12.41,12.47,26-Mar-10
12.48,12.42,12.48,29-Mar-10
12.5,12.44,12.5,30-Mar-10
12.5,12.44,12.5,31-Mar-10
12.46,12.4,12.46,1-Apr-10
12.48,12.42,12.48,5-Apr-10
12.49,12.43,12.49,6-Apr-10
12.49,12.43,12.49,7-Apr-10
12.51,12.45,12.51,8-Apr-10
12.48,12.42,12.48,9-Apr-10
12.5,12.44,12.5,12-Apr-10
12.53,12.47,12.53,13-Apr-10
12.61,12.55,12.61,15-Apr-10
12.61,12.55,12.61,16-Apr-10
12.61,12.55,12.61,19-Apr-10
12.58,12.52,12.58,20-Apr-10
12.56,12.5,12.56,21-Apr-10
12.57,12.51,12.57,22-Apr-10
12.55,12.49,12.55,23-Apr-10
12.54,12.48,12.54,26-Apr-10
12.58,12.52,12.58,27-Apr-10
12.61,12.55,12.61,28-Apr-10
12.57,12.51,12.57,29-Apr-10
12.55,12.49,12.55,30-Apr-10
12.54,12.48,12.54,3-May-10
12.56,12.5,12.56,4-May-10
12.53,12.47,12.53,5-May-10
12.57,12.51,12.57,6-May-10
12.62,12.56,12.62,7-May-10
12.58,12.52,12.58,10-May-10
12.58,12.52,12.58,11-May-10
12.59,12.53,12.59,12-May-10
12.58,12.52,12.58,13-May-10
12.6,12.54,12.6,14-May-10
12.58,12.52,12.58,17-May-10
12.61,12.55,12.61,18-May-10
12.63,12.57,12.63,19-May-10
12.64,12.58,12.64,20-May-10
12.62,12.56,12.62,21-May-10
12.64,12.58,12.64,24-May-10
12.65,12.59,12.65,25-May-10
12.65,12.59,12.65,26-May-10
12.63,12.57,12.63,27-May-10
12.65,12.59,12.65,28-May-10
12.64,12.58,12.64,31-May-10
12.67,12.61,12.67,1-Jun-10
12.64,12.58,12.64,2-Jun-10
12.64,12.58,12.64,3-Jun-10
12.64,12.58,12.64,4-Jun-10
12.64,12.58,12.64,7-Jun-10
12.65,12.59,12.65,8-Jun-10
12.64,12.58,12.64,9-Jun-10
12.64,12.58,12.64,10-Jun-10
12.65,12.59,12.65,11-Jun-10
12.64,12.58,12.64,14-Jun-10
12.65,12.59,12.65,15-Jun-10
12.65,12.59,12.65,16-Jun-10
12.63,12.57,12.63,17-Jun-10
12.64,12.58,12.64,18-Jun-10
12.63,12.57,12.63,21-Jun-10
12.63,12.57,12.63,22-Jun-10
12.64,12.58,12.64,23-Jun-10
12.62,12.56,12.62,24-Jun-10
12.64,12.58,12.64,25-Jun-10
12.64,12.58,12.64,28-Jun-10
12.64,12.58,12.64,29-Jun-10
12.61,12.55,12.61,30-Jun-10
12.63,12.57,12.63,1-Jul-10
12.63,12.57,12.63,2-Jul-10
12.65,12.59,12.65,5-Jul-10
12.64,12.58,12.64,6-Jul-10
12.66,12.6,12.66,7-Jul-10
12.66,12.6,12.66,8-Jul-10
12.65,12.59,12.65,9-Jul-10
12.65,12.59,12.65,12-Jul-10
12.66,12.6,12.66,13-Jul-10
12.68,12.62,12.68,14-Jul-10
12.69,12.63,12.69,15-Jul-10
12.69,12.63,12.69,16-Jul-10
12.7,12.64,12.7,19-Jul-10
12.71,12.65,12.71,20-Jul-10
12.7,12.64,12.7,21-Jul-10
12.72,12.66,12.72,22-Jul-10
12.72,12.66,12.72,23-Jul-10
12.72,12.66,12.72,26-Jul-10
12.72,12.66,12.72,27-Jul-10
12.74,12.68,12.74,28-Jul-10
12.73,12.67,12.73,29-Jul-10
12.75,12.69,12.75,30-Jul-10
12.75,12.69,12.75,2-Aug-10
12.76,12.7,12.76,3-Aug-10
12.75,12.69,12.75,4-Aug-10
12.76,12.7,12.76,5-Aug-10
12.77,12.71,12.77,6-Aug-10
12.78,12.72,12.78,9-Aug-10
12.79,12.73,12.79,10-Aug-10
12.79,12.73,12.79,11-Aug-10
12.78,12.72,12.78,12-Aug-10
12.79,12.73,12.79,13-Aug-10
12.8,12.74,12.8,16-Aug-10
12.79,12.73,12.79,17-Aug-10
12.8,12.74,12.8,18-Aug-10
12.81,12.75,12.81,19-Aug-10
12.82,12.76,12.82,20-Aug-10
12.81,12.75,12.81,23-Aug-10
12.83,12.77,12.83,24-Aug-10
12.83,12.77,12.83,25-Aug-10
12.81,12.75,12.81,26-Aug-10
12.84,12.78,12.84,27-Aug-10
12.83,12.77,12.83,30-Aug-10
12.82,12.76,12.82,31-Aug-10
12.82,12.76,12.82,1-Sep-10
12.83,12.77,12.83,2-Sep-10
12.84,12.78,12.84,3-Sep-10
12.85,12.79,12.85,6-Sep-10
12.85,12.79,12.85,7-Sep-10
12.86,12.8,12.86,8-Sep-10
12.87,12.81,12.87,9-Sep-10
12.88,12.82,12.88,13-Sep-10
12.87,12.81,12.87,14-Sep-10
12.87,12.81,12.87,15-Sep-10
12.87,12.81,12.87,16-Sep-10
12.89,12.83,12.89,17-Sep-10
12.88,12.82,12.88,20-Sep-10
12.89,12.83,12.89,21-Sep-10
12.88,12.82,12.88,22-Sep-10
12.88,12.82,12.88,23-Sep-10
12.88,12.82,12.88,24-Sep-10
12.88,12.82,12.88,27-Sep-10
12.88,12.82,12.88,28-Sep-10
12.88,12.82,12.88,29-Sep-10
12.89,12.83,12.89,30-Sep-10
12.9,12.84,12.9,1-Oct-10
12.9,12.84,12.9,4-Oct-10
12.89,12.83,12.89,5-Oct-10
12.91,12.85,12.91,6-Oct-10
12.92,12.86,12.92,7-Oct-10
12.91,12.85,12.91,8-Oct-10
12.91,12.85,12.91,11-Oct-10
12.93,12.87,12.93,12-Oct-10
12.91,12.85,12.91,13-Oct-10
12.92,12.86,12.92,14-Oct-10
12.93,12.87,12.93,15-Oct-10
12.9,12.84,12.9,18-Oct-10
12.94,12.88,12.94,19-Oct-10
12.93,12.87,12.93,20-Oct-10
12.92,12.86,12.92,21-Oct-10
12.94,12.88,12.94,22-Oct-10
12.96,12.9,12.96,25-Oct-10
12.96,12.9,12.96,26-Oct-10
12.96,12.9,12.96,27-Oct-10
12.93,12.87,12.93,28-Oct-10
12.99,12.93,12.99,29-Oct-10
13,12.94,13,1-Nov-10
13,12.94,13,2-Nov-10
13.01,12.94,13.01,3-Nov-10
13.01,12.94,13.01,4-Nov-10
13.02,12.95,13.02,8-Nov-10
13.01,12.94,13.01,9-Nov-10
13,12.94,13,10-Nov-10
13.02,12.95,13.02,11-Nov-10
13.02,12.95,13.02,12-Nov-10
13.03,12.96,13.03,15-Nov-10
13.04,12.97,13.04,16-Nov-10
13.04,12.97,13.04,18-Nov-10
13.06,12.99,13.06,19-Nov-10
13.07,13,13.07,22-Nov-10
13.08,13.01,13.08,23-Nov-10
13.08,13.01,13.08,24-Nov-10
13.09,13.02,13.09,25-Nov-10
13.12,13.05,13.12,26-Nov-10
13.09,13.02,13.09,29-Nov-10
13.1,13.03,13.1,30-Nov-10
13.1,13.03,13.1,1-Dec-10
13.12,13.05,13.12,2-Dec-10
13.11,13.04,13.11,3-Dec-10
13.12,13.05,13.12,6-Dec-10
13.12,13.05,13.12,7-Dec-10
13.14,13.07,13.14,8-Dec-10
13.15,13.08,13.15,9-Dec-10
13.15,13.08,13.15,10-Dec-10
13.16,13.09,13.16,13-Dec-10
13.17,13.1,13.17,14-Dec-10
13.19,13.12,13.19,15-Dec-10
13.17,13.1,13.17,16-Dec-10
13.18,13.11,13.18,20-Dec-10
13.18,13.11,13.18,21-Dec-10
13.18,13.11,13.18,22-Dec-10
13.19,13.12,13.19,23-Dec-10
13.18,13.11,13.18,24-Dec-10
13.2,13.13,13.2,27-Dec-10
13.19,13.12,13.19,28-Dec-10
13.21,13.14,13.21,29-Dec-10
13.22,13.15,13.22,30-Dec-10
13.23,13.16,13.23,31-Dec-10
13.23,13.16,13.23,3-Jan-11
13.24,13.17,13.24,4-Jan-11
13.24,13.17,13.24,5-Jan-11
13.24,13.17,13.24,6-Jan-11
13.26,13.19,13.26,7-Jan-11
13.29,13.22,13.29,10-Jan-11
13.27,13.2,13.27,11-Jan-11
13.27,13.2,13.27,12-Jan-11
13.29,13.22,13.29,13-Jan-11
13.3,13.23,13.3,14-Jan-11
13.29,13.22,13.29,17-Jan-11
13.29,13.22,13.29,18-Jan-11
13.3,13.23,13.3,19-Jan-11
13.3,13.23,13.3,20-Jan-11
13.3,13.23,13.3,21-Jan-11
13.3,13.23,13.3,24-Jan-11
13.31,13.24,13.31,25-Jan-11
13.3,13.23,13.3,27-Jan-11
13.31,13.24,13.31,28-Jan-11
13.31,13.24,13.31,31-Jan-11
13.34,13.27,13.34,1-Feb-11
13.35,13.28,13.35,2-Feb-11
13.36,13.29,13.36,3-Feb-11
13.4,13.33,13.4,4-Feb-11
13.38,13.31,13.38,7-Feb-11
13.4,13.33,13.4,8-Feb-11
13.4,13.33,13.4,9-Feb-11
13.41,13.34,13.41,10-Feb-11
13.41,13.34,13.41,11-Feb-11
13.41,13.34,13.41,14-Feb-11
13.44,13.37,13.44,15-Feb-11
13.43,13.36,13.43,16-Feb-11
13.43,13.36,13.43,17-Feb-11
13.45,13.38,13.45,18-Feb-11
13.44,13.37,13.44,21-Feb-11
13.46,13.39,13.46,22-Feb-11
13.45,13.38,13.45,23-Feb-11
13.46,13.39,13.46,24-Feb-11
13.45,13.38,13.45,25-Feb-11
13.48,13.41,13.48,28-Feb-11
13.47,13.4,13.47,1-Mar-11
13.47,13.4,13.47,3-Mar-11
13.48,13.41,13.48,4-Mar-11
13.48,13.41,13.48,7-Mar-11
13.47,13.4,13.47,8-Mar-11
13.47,13.4,13.47,9-Mar-11
13.48,13.41,13.48,10-Mar-11
13.49,13.42,13.49,11-Mar-11
13.46,13.39,13.46,14-Mar-11
13.49,13.42,13.49,15-Mar-11
13.48,13.41,13.48,16-Mar-11
13.48,13.41,13.48,17-Mar-11
13.5,13.43,13.5,18-Mar-11
13.5,13.43,13.5,21-Mar-11
13.5,13.43,13.5,22-Mar-11
13.5,13.43,13.5,23-Mar-11
13.5,13.43,13.5,24-Mar-11
13.52,13.45,13.52,25-Mar-11
13.52,13.45,13.52,28-Mar-11
13.5,13.43,13.5,29-Mar-11
13.51,13.44,13.51,30-Mar-11
13.55,13.48,13.55,31-Mar-11
13.55,13.48,13.55,1-Apr-11
13.55,13.48,13.55,4-Apr-11
13.56,13.49,13.56,5-Apr-11
13.57,13.5,13.57,6-Apr-11
13.57,13.5,13.57,7-Apr-11
13.59,13.52,13.59,8-Apr-11
13.6,13.53,13.6,11-Apr-11
13.58,13.51,13.58,13-Apr-11
13.6,13.53,13.6,15-Apr-11
13.6,13.53,13.6,18-Apr-11
13.61,13.54,13.61,19-Apr-11
13.61,13.54,13.61,20-Apr-11
13.63,13.56,13.63,21-Apr-11
13.63,13.56,13.63,25-Apr-11
13.65,13.58,13.65,26-Apr-11
13.65,13.58,13.65,27-Apr-11
13.64,13.57,13.64,28-Apr-11
13.66,13.59,13.66,29-Apr-11
13.67,13.6,13.67,2-May-11
13.68,13.61,13.68,3-May-11
13.68,13.61,13.68,4-May-11
13.7,13.63,13.7,5-May-11
13.7,13.63,13.7,6-May-11
13.7,13.63,13.7,9-May-11
13.71,13.64,13.71,10-May-11
13.7,13.63,13.7,11-May-11
13.73,13.66,13.73,12-May-11
13.7,13.63,13.7,13-May-11
13.72,13.65,13.72,16-May-11
13.72,13.65,13.72,17-May-11
13.71,13.64,13.71,18-May-11
13.73,13.66,13.73,19-May-11
13.73,13.66,13.73,20-May-11
13.74,13.67,13.74,23-May-11
13.75,13.68,13.75,24-May-11
13.75,13.68,13.75,25-May-11
13.76,13.69,13.76,26-May-11
13.77,13.7,13.77,27-May-11
13.77,13.7,13.77,30-May-11
13.78,13.71,13.78,31-May-11
13.77,13.7,13.77,1-Jun-11
13.78,13.71,13.78,2-Jun-11
13.78,13.71,13.78,3-Jun-11
13.76,13.69,13.76,6-Jun-11
13.76,13.69,13.76,7-Jun-11
13.77,13.7,13.77,8-Jun-11
13.77,13.7,13.77,9-Jun-11
13.78,13.71,13.78,10-Jun-11
13.77,13.7,13.77,13-Jun-11
13.78,13.71,13.78,14-Jun-11
13.79,13.72,13.79,15-Jun-11
13.79,13.72,13.79,16-Jun-11
13.8,13.73,13.8,17-Jun-11
13.82,13.75,13.82,20-Jun-11
13.81,13.74,13.81,21-Jun-11
13.81,13.74,13.81,22-Jun-11
13.82,13.75,13.82,23-Jun-11
13.8,13.73,13.8,24-Jun-11
13.82,13.75,13.82,27-Jun-11
13.82,13.75,13.82,28-Jun-11
13.82,13.75,13.82,29-Jun-11
13.82,13.75,13.82,30-Jun-11
13.83,13.76,13.83,1-Jul-11
13.84,13.77,13.84,4-Jul-11
13.83,13.76,13.83,5-Jul-11
13.84,13.77,13.84,6-Jul-11
13.84,13.77,13.84,7-Jul-11
13.86,13.79,13.86,8-Jul-11
13.86,13.79,13.86,11-Jul-11
13.85,13.78,13.85,12-Jul-11
13.85,13.78,13.85,13-Jul-11
13.86,13.79,13.86,14-Jul-11
13.86,13.79,13.86,15-Jul-11
13.87,13.8,13.87,18-Jul-11
13.86,13.79,13.86,19-Jul-11
13.87,13.8,13.87,20-Jul-11
13.88,13.81,13.88,21-Jul-11
13.88,13.81,13.88,22-Jul-11
13.87,13.8,13.87,25-Jul-11
13.89,13.82,13.89,26-Jul-11
13.88,13.81,13.88,27-Jul-11
13.89,13.82,13.89,28-Jul-11
13.9,13.83,13.9,29-Jul-11
13.9,13.83,13.9,1-Aug-11
13.91,13.84,13.91,2-Aug-11
13.89,13.82,13.89,3-Aug-11
13.92,13.85,13.92,4-Aug-11
13.91,13.84,13.91,5-Aug-11
13.92,13.85,13.92,8-Aug-11
13.92,13.85,13.92,9-Aug-11
13.92,13.85,13.92,10-Aug-11
13.92,13.85,13.92,11-Aug-11
13.93,13.86,13.93,12-Aug-11
13.95,13.88,13.95,16-Aug-11
13.94,13.87,13.94,17-Aug-11
13.95,13.88,13.95,18-Aug-11
13.94,13.87,13.94,19-Aug-11
13.94,13.87,13.94,22-Aug-11
13.94,13.87,13.94,23-Aug-11
13.94,13.87,13.94,24-Aug-11
13.91,13.84,13.91,25-Aug-11
13.95,13.88,13.95,26-Aug-11
13.95,13.88,13.95,29-Aug-11
13.96,13.89,13.96,30-Aug-11
13.96,13.89,13.96,2-Sep-11
13.97,13.9,13.97,5-Sep-11
13.95,13.88,13.95,6-Sep-11
13.97,13.9,13.97,7-Sep-11
13.96,13.89,13.96,8-Sep-11
13.97,13.9,13.97,9-Sep-11
13.97,13.9,13.97,12-Sep-11
13.96,13.89,13.96,13-Sep-11
13.96,13.89,13.96,14-Sep-11
13.97,13.9,13.97,15-Sep-11
13.99,13.92,13.99,16-Sep-11
13.99,13.92,13.99,19-Sep-11
13.97,13.9,13.97,20-Sep-11
13.99,13.92,13.99,21-Sep-11
14.01,13.94,14.01,22-Sep-11
14,13.93,14,23-Sep-11
14.01,13.94,14.01,26-Sep-11
14,13.93,14,27-Sep-11
14.05,13.98,14.05,28-Sep-11
13.99,13.92,13.99,29-Sep-11
14.03,13.96,14.03,30-Sep-11
14.03,13.96,14.03,3-Oct-11
14.02,13.95,14.02,4-Oct-11
14.06,13.99,14.06,5-Oct-11
14.04,13.97,14.04,7-Oct-11
14.02,13.95,14.02,10-Oct-11
14.04,13.97,14.04,11-Oct-11
14.02,13.95,14.02,12-Oct-11
14.05,13.98,14.05,13-Oct-11
14.05,13.98,14.05,14-Oct-11
14.07,14,14.07,17-Oct-11
14.06,13.99,14.06,18-Oct-11
14.03,13.96,14.03,19-Oct-11
14.06,13.99,14.06,20-Oct-11
14.06,13.99,14.06,21-Oct-11
14.06,13.99,14.06,24-Oct-11
14.03,13.96,14.03,25-Oct-11
14.03,13.96,14.03,28-Oct-11
14.06,13.99,14.06,31-Oct-11
14.05,13.98,14.05,1-Nov-11
14.06,13.99,14.06,2-Nov-11
14.05,13.98,14.05,3-Nov-11
14.06,13.99,14.06,4-Nov-11
14.07,14,14.07,8-Nov-11
14.09,14.02,14.09,9-Nov-11
14.09,14.02,14.09,11-Nov-11
14.1,14.03,14.1,14-Nov-11
14.11,14.04,14.11,15-Nov-11
14.09,14.02,14.09,16-Nov-11
14.11,14.04,14.11,17-Nov-11
14.1,14.03,14.1,18-Nov-11
14.12,14.05,14.12,21-Nov-11
14.13,14.06,14.13,22-Nov-11
14.14,14.07,14.14,23-Nov-11
14.13,14.06,14.13,24-Nov-11
14.16,14.09,14.16,25-Nov-11
14.14,14.07,14.14,28-Nov-11
14.16,14.09,14.16,29-Nov-11
14.16,14.09,14.16,30-Nov-11
14.15,14.08,14.15,1-Dec-11
14.14,14.07,14.14,2-Dec-11
14.15,14.08,14.15,5-Dec-11
14.16,14.09,14.16,7-Dec-11
14.17,14.1,14.17,8-Dec-11
14.17,14.1,14.17,9-Dec-11
14.19,14.12,14.19,12-Dec-11
14.17,14.1,14.17,13-Dec-11
14.18,14.11,14.18,14-Dec-11
14.18,14.11,14.18,15-Dec-11
14.21,14.14,14.21,16-Dec-11
14.19,14.12,14.19,19-Dec-11
14.2,14.13,14.2,20-Dec-11
14.18,14.11,14.18,21-Dec-11
14.18,14.11,14.18,22-Dec-11
14.2,14.13,14.2,23-Dec-11
14.19,14.12,14.19,26-Dec-11
14.23,14.16,14.23,27-Dec-11
14.23,14.16,14.23,28-Dec-11
14.21,14.14,14.21,29-Dec-11
14.24,14.17,14.24,30-Dec-11
14.24,14.17,14.24,2-Jan-12
14.23,14.16,14.23,3-Jan-12
14.25,14.18,14.25,4-Jan-12
14.26,14.19,14.26,5-Jan-12
14.24,14.17,14.24,6-Jan-12
14.26,14.19,14.26,9-Jan-12
14.25,14.18,14.25,10-Jan-12
14.26,14.19,14.26,11-Jan-12
14.24,14.17,14.24,12-Jan-12
14.25,14.18,14.25,13-Jan-12
14.26,14.19,14.26,16-Jan-12
14.28,14.21,14.28,17-Jan-12
14.28,14.21,14.28,18-Jan-12
14.27,14.2,14.27,19-Jan-12
14.28,14.21,14.28,20-Jan-12
14.28,14.21,14.28,23-Jan-12
14.29,14.22,14.29,24-Jan-12
14.31,14.24,14.31,25-Jan-12
14.3,14.23,14.3,27-Jan-12
14.32,14.25,14.32,30-Jan-12
14.3,14.23,14.3,31-Jan-12
14.3,14.23,14.3,1-Feb-12
14.33,14.26,14.33,2-Feb-12
14.32,14.25,14.32,3-Feb-12
14.33,14.26,14.33,6-Feb-12
14.33,14.26,14.33,7-Feb-12
14.34,14.27,14.34,8-Feb-12
14.32,14.25,14.32,9-Feb-12
14.33,14.26,14.33,10-Feb-12
14.33,14.26,14.33,13-Feb-12
14.33,14.26,14.33,14-Feb-12
14.34,14.27,14.34,15-Feb-12
14.36,14.29,14.36,16-Feb-12
14.36,14.29,14.36,17-Feb-12
14.34,14.27,14.34,21-Feb-12
14.36,14.29,14.36,22-Feb-12
14.36,14.29,14.36,23-Feb-12
14.38,14.31,14.38,24-Feb-12
14.39,14.32,14.39,27-Feb-12
14.36,14.29,14.36,28-Feb-12
14.36,14.29,14.36,29-Feb-12
14.39,14.32,14.39,1-Mar-12
14.4,14.33,14.4,2-Mar-12
14.41,14.34,14.41,5-Mar-12
14.45,14.38,14.45,6-Mar-12
14.42,14.35,14.42,7-Mar-12
14.42,14.35,14.42,9-Mar-12
14.43,14.36,14.43,12-Mar-12
14.43,14.36,14.43,13-Mar-12
14.44,14.37,14.44,14-Mar-12
14.45,14.38,14.45,15-Mar-12
14.46,14.39,14.46,16-Mar-12
14.46,14.39,14.46,19-Mar-12
14.47,14.4,14.47,20-Mar-12
14.46,14.39,14.46,21-Mar-12
14.5,14.43,14.5,22-Mar-12
14.48,14.41,14.48,23-Mar-12
14.5,14.43,14.5,26-Mar-12
14.49,14.42,14.49,27-Mar-12
14.52,14.45,14.52,28-Mar-12
14.48,14.41,14.48,29-Mar-12
14.53,14.46,14.53,30-Mar-12
14.55,14.48,14.55,2-Apr-12
14.55,14.48,14.55,3-Apr-12
14.57,14.5,14.57,4-Apr-12
14.57,14.5,14.57,9-Apr-12
14.61,14.54,14.61,10-Apr-12
14.6,14.53,14.6,11-Apr-12
14.6,14.53,14.6,12-Apr-12
14.63,14.56,14.63,13-Apr-12
14.6,14.53,14.6,16-Apr-12
14.62,14.55,14.62,17-Apr-12
14.62,14.55,14.62,18-Apr-12
14.65,14.58,14.65,19-Apr-12
14.64,14.57,14.64,20-Apr-12
14.7,14.63,14.7,23-Apr-12
14.69,14.62,14.69,24-Apr-12
14.72,14.65,14.72,25-Apr-12
14.67,14.6,14.67,26-Apr-12
14.7,14.63,14.7,27-Apr-12
14.69,14.62,14.69,30-Apr-12
14.69,14.62,14.69,2-May-12
14.73,14.66,14.73,3-May-12
14.73,14.66,14.73,4-May-12
14.72,14.65,14.72,7-May-12
14.75,14.68,14.75,8-May-12
14.76,14.69,14.76,9-May-12
14.76,14.69,14.76,10-May-12
14.8,14.73,14.8,11-May-12
14.81,14.74,14.81,14-May-12
14.78,14.71,14.78,15-May-12
14.8,14.73,14.8,16-May-12
14.81,14.74,14.81,17-May-12
14.8,14.73,14.8,18-May-12
14.79,14.72,14.79,21-May-12
14.84,14.77,14.84,22-May-12
14.85,14.78,14.85,23-May-12
14.83,14.76,14.83,24-May-12
14.84,14.77,14.84,25-May-12
14.85,14.78,14.85,28-May-12
14.87,14.8,14.87,29-May-12
14.87,14.8,14.87,30-May-12
14.84,14.77,14.84,31-May-12
14.87,14.8,14.87,1-Jun-12
14.86,14.79,14.86,4-Jun-12
14.87,14.8,14.87,5-Jun-12
14.87,14.8,14.87,6-Jun-12
14.88,14.81,14.88,7-Jun-12
14.87,14.8,14.87,8-Jun-12
14.89,14.82,14.89,11-Jun-12
14.88,14.81,14.88,12-Jun-12
14.9,14.83,14.9,13-Jun-12
14.91,14.84,14.91,14-Jun-12
14.87,14.8,14.87,15-Jun-12
14.93,14.86,14.93,18-Jun-12
14.9,14.83,14.9,19-Jun-12
14.92,14.85,14.92,20-Jun-12
14.92,14.85,14.92,21-Jun-12
14.92,14.85,14.92,22-Jun-12
14.94,14.87,14.94,25-Jun-12
14.94,14.87,14.94,26-Jun-12
14.93,14.86,14.93,27-Jun-12
14.94,14.87,14.94,28-Jun-12
14.96,14.89,14.96,29-Jun-12
14.96,14.89,14.96,2-Jul-12
14.96,14.89,14.96,3-Jul-12
14.98,14.91,14.98,4-Jul-12
14.98,14.91,14.98,5-Jul-12
14.99,14.92,14.99,6-Jul-12
15,14.93,15,9-Jul-12
14.99,14.92,14.99,10-Jul-12
15.01,14.93,15.01,11-Jul-12
15,14.93,15,12-Jul-12
15.01,14.93,15.01,13-Jul-12
15.03,14.95,15.03,16-Jul-12
15.04,14.96,15.04,17-Jul-12
15.04,14.96,15.04,18-Jul-12
15.04,14.96,15.04,19-Jul-12
15.06,14.98,15.06,20-Jul-12
15.07,14.99,15.07,23-Jul-12
15.06,14.98,15.06,24-Jul-12
15.05,14.97,15.05,25-Jul-12
15.05,14.97,15.05,26-Jul-12
15.09,15.01,15.09,27-Jul-12
15.08,15,15.08,30-Jul-12
15.1,15.02,15.1,31-Jul-12
15.1,15.02,15.1,1-Aug-12
15.1,15.02,15.1,2-Aug-12
15.09,15.01,15.09,3-Aug-12
15.11,15.03,15.11,6-Aug-12
15.11,15.03,15.11,7-Aug-12
15.13,15.05,15.13,8-Aug-12
15.11,15.03,15.11,9-Aug-12
15.12,15.04,15.12,10-Aug-12
15.12,15.04,15.12,13-Aug-12
15.12,15.04,15.12,14-Aug-12
15.13,15.05,15.13,16-Aug-12
15.13,15.05,15.13,17-Aug-12
15.13,15.05,15.13,21-Aug-12
15.13,15.05,15.13,22-Aug-12
15.15,15.07,15.15,23-Aug-12
15.15,15.07,15.15,24-Aug-12
15.16,15.08,15.16,27-Aug-12
15.16,15.08,15.16,28-Aug-12
15.16,15.08,15.16,29-Aug-12
15.22,15.14,15.22,30-Aug-12
15.23,15.15,15.23,31-Aug-12
15.23,15.15,15.23,3-Sep-12
15.23,15.15,15.23,4-Sep-12
15.25,15.17,15.25,5-Sep-12
15.25,15.17,15.25,6-Sep-12
15.25,15.17,15.25,7-Sep-12
15.27,15.19,15.27,10-Sep-12
15.27,15.19,15.27,11-Sep-12
15.26,15.18,15.26,12-Sep-12
15.27,15.19,15.27,13-Sep-12
15.27,15.19,15.27,14-Sep-12
15.28,15.2,15.28,17-Sep-12
15.28,15.2,15.28,18-Sep-12
15.28,15.2,15.28,20-Sep-12
15.29,15.21,15.29,21-Sep-12
15.3,15.22,15.3,24-Sep-12
15.33,15.25,15.33,25-Sep-12
15.34,15.26,15.34,26-Sep-12
15.32,15.24,15.32,27-Sep-12
15.33,15.25,15.33,28-Sep-12
15.32,15.24,15.32,1-Oct-12
15.32,15.24,15.32,3-Oct-12
15.33,15.25,15.33,4-Oct-12
15.33,15.25,15.33,5-Oct-12
15.34,15.26,15.34,8-Oct-12
15.35,15.27,15.35,9-Oct-12
15.37,15.29,15.37,10-Oct-12
15.35,15.27,15.35,11-Oct-12
15.37,15.29,15.37,12-Oct-12
15.37,15.29,15.37,15-Oct-12
15.41,15.33,15.41,16-Oct-12
15.4,15.32,15.4,17-Oct-12
15.38,15.3,15.38,18-Oct-12
15.41,15.33,15.41,19-Oct-12
15.41,15.33,15.41,22-Oct-12
15.41,15.33,15.41,23-Oct-12
15.4,15.32,15.4,25-Oct-12
15.41,15.33,15.41,26-Oct-12
15.41,15.33,15.41,29-Oct-12
15.42,15.34,15.42,30-Oct-12
15.42,15.34,15.42,31-Oct-12
15.42,15.34,15.42,1-Nov-12
15.41,15.33,15.41,2-Nov-12
15.42,15.34,15.42,5-Nov-12
15.41,15.33,15.41,6-Nov-12
15.42,15.34,15.42,7-Nov-12
15.45,15.37,15.45,8-Nov-12
15.46,15.38,15.46,9-Nov-12
15.46,15.38,15.46,12-Nov-12
15.47,15.39,15.47,15-Nov-12
15.49,15.41,15.49,16-Nov-12
15.49,15.41,15.49,19-Nov-12
15.5,15.42,15.5,20-Nov-12
15.49,15.41,15.49,21-Nov-12
15.51,15.43,15.51,22-Nov-12
15.51,15.43,15.51,23-Nov-12
15.51,15.43,15.51,26-Nov-12
15.51,15.43,15.51,27-Nov-12
15.5,15.42,15.5,29-Nov-12
15.58,15.5,15.58,30-Nov-12
15.58,15.5,15.58,3-Dec-12
15.58,15.5,15.58,4-Dec-12
15.58,15.5,15.58,5-Dec-12
15.57,15.49,15.57,6-Dec-12
15.58,15.5,15.58,7-Dec-12
15.58,15.5,15.58,10-Dec-12
15.59,15.51,15.59,11-Dec-12
15.6,15.52,15.6,12-Dec-12
15.63,15.55,15.63,13-Dec-12
15.61,15.53,15.61,14-Dec-12
15.62,15.54,15.62,17-Dec-12
15.62,15.54,15.62,18-Dec-12
15.63,15.55,15.63,19-Dec-12
15.64,15.56,15.64,20-Dec-12
15.67,15.59,15.67,21-Dec-12
15.65,15.57,15.65,24-Dec-12
15.66,15.58,15.66,26-Dec-12
15.65,15.57,15.65,27-Dec-12
15.66,15.58,15.66,28-Dec-12
15.68,15.6,15.68,31-Dec-12
15.67,15.59,15.67,1-Jan-13
15.7,15.62,15.7,2-Jan-13
15.69,15.61,15.69,3-Jan-13
15.7,15.62,15.7,4-Jan-13
15.69,15.61,15.69,7-Jan-13
15.7,15.62,15.7,8-Jan-13
15.72,15.64,15.72,9-Jan-13
15.71,15.63,15.71,10-Jan-13
15.73,15.65,15.73,11-Jan-13
15.71,15.63,15.71,14-Jan-13
15.73,15.65,15.73,15-Jan-13
15.75,15.67,15.75,16-Jan-13
15.74,15.66,15.74,17-Jan-13
15.74,15.66,15.74,18-Jan-13
15.75,15.67,15.75,21-Jan-13
15.78,15.7,15.78,22-Jan-13
15.77,15.69,15.77,23-Jan-13
15.8,15.72,15.8,24-Jan-13
15.78,15.7,15.78,25-Jan-13
15.79,15.71,15.79,28-Jan-13
15.8,15.72,15.8,29-Jan-13
15.77,15.69,15.77,30-Jan-13
15.84,15.76,15.84,31-Jan-13
15.84,15.76,15.84,1-Feb-13
15.87,15.79,15.87,4-Feb-13
15.86,15.78,15.86,5-Feb-13
15.87,15.79,15.87,6-Feb-13
15.86,15.78,15.86,7-Feb-13
15.87,15.79,15.87,8-Feb-13
15.87,15.79,15.87,11-Feb-13
15.87,15.79,15.87,12-Feb-13
15.9,15.82,15.9,13-Feb-13
15.91,15.83,15.91,14-Feb-13
15.9,15.82,15.9,15-Feb-13
15.91,15.83,15.91,18-Feb-13
15.91,15.83,15.91,19-Feb-13
15.91,15.83,15.91,20-Feb-13
15.94,15.86,15.94,21-Feb-13
15.93,15.85,15.93,22-Feb-13
15.94,15.86,15.94,25-Feb-13
15.94,15.86,15.94,26-Feb-13
15.96,15.88,15.96,27-Feb-13
15.97,15.89,15.97,28-Feb-13
16,15.92,16,1-Mar-13
16,15.92,16,4-Mar-13
15.99,15.91,15.99,5-Mar-13
15.99,15.91,15.99,6-Mar-13
15.99,15.91,15.99,7-Mar-13
15.99,15.91,15.99,8-Mar-13
16.02,15.94,16.02,11-Mar-13
16.01,15.93,16.01,12-Mar-13
16.02,15.94,16.02,13-Mar-13
16,15.92,16,14-Mar-13
16.02,15.94,16.02,15-Mar-13
16.03,15.95,16.03,18-Mar-13
16.05,15.97,16.05,19-Mar-13
16.03,15.95,16.03,20-Mar-13
16.06,15.98,16.06,21-Mar-13
16.04,15.96,16.04,22-Mar-13
16.06,15.98,16.06,25-Mar-13
16.07,15.99,16.07,26-Mar-13
16.08,16,16.08,28-Mar-13
16.1,16.02,16.1,1-Apr-13
16.1,16.02,16.1,2-Apr-13
16.12,16.04,16.12,3-Apr-13
16.12,16.04,16.12,4-Apr-13
16.12,16.04,16.12,5-Apr-13
16.12,16.04,16.12,8-Apr-13
16.14,16.06,16.14,9-Apr-13
16.13,16.05,16.13,10-Apr-13
16.14,16.06,16.14,11-Apr-13
16.13,16.05,16.13,12-Apr-13
16.15,16.07,16.15,15-Apr-13
16.14,16.06,16.14,16-Apr-13
16.15,16.07,16.15,17-Apr-13
16.15,16.07,16.15,18-Apr-13
16.17,16.09,16.17,22-Apr-13
16.16,16.08,16.16,23-Apr-13
16.16,16.08,16.16,25-Apr-13
16.18,16.1,16.18,26-Apr-13
16.19,16.11,16.19,29-Apr-13
16.22,16.14,16.22,30-Apr-13
16.22,16.14,16.22,2-May-13
16.22,16.14,16.22,3-May-13
16.22,16.14,16.22,6-May-13
16.23,16.15,16.23,7-May-13
16.23,16.15,16.23,8-May-13
16.23,16.15,16.23,9-May-13
16.22,16.14,16.22,10-May-13
16.24,16.16,16.24,13-May-13
16.23,16.15,16.23,14-May-13
16.23,16.15,16.23,15-May-13
16.22,16.14,16.22,16-May-13
16.23,16.15,16.23,17-May-13
16.24,16.16,16.24,20-May-13
16.24,16.16,16.24,21-May-13
16.25,16.17,16.25,22-May-13
16.26,16.18,16.26,23-May-13
16.26,16.18,16.26,24-May-13
16.27,16.19,16.27,27-May-13
16.27,16.19,16.27,28-May-13
16.28,16.2,16.28,29-May-13
16.28,16.2,16.28,30-May-13
16.31,16.23,16.31,31-May-13
16.29,16.21,16.29,3-Jun-13
16.31,16.23,16.31,4-Jun-13
16.31,16.23,16.31,5-Jun-13
16.31,16.23,16.31,6-Jun-13
16.32,16.24,16.32,7-Jun-13
16.34,16.26,16.34,10-Jun-13
16.37,16.29,16.37,11-Jun-13
16.37,16.29,16.37,12-Jun-13
16.39,16.31,16.39,13-Jun-13
16.39,16.31,16.39,14-Jun-13
16.39,16.31,16.39,17-Jun-13
16.41,16.33,16.41,18-Jun-13
16.4,16.32,16.4,19-Jun-13
16.43,16.35,16.43,20-Jun-13
16.43,16.35,16.43,21-Jun-13
16.44,16.36,16.44,24-Jun-13
16.44,16.36,16.44,25-Jun-13
16.45,16.37,16.45,26-Jun-13
16.42,16.34,16.42,27-Jun-13
16.43,16.35,16.43,28-Jun-13
16.44,16.36,16.44,1-Jul-13
16.44,16.36,16.44,2-Jul-13
16.46,16.38,16.46,3-Jul-13
16.46,16.38,16.46,4-Jul-13
16.46,16.38,16.46,5-Jul-13
16.45,16.37,16.45,8-Jul-13
16.45,16.37,16.45,9-Jul-13
16.47,16.39,16.47,10-Jul-13
16.47,16.39,16.47,11-Jul-13
16.48,16.4,16.48,12-Jul-13
16.48,16.4,16.48,15-Jul-13
16.49,16.41,16.49,16-Jul-13
16.5,16.42,16.5,17-Jul-13
16.48,16.4,16.48,18-Jul-13
16.49,16.41,16.49,19-Jul-13
16.5,16.42,16.5,22-Jul-13
16.5,16.42,16.5,23-Jul-13
16.5,16.42,16.5,24-Jul-13
16.5,16.42,16.5,25-Jul-13
16.51,16.43,16.51,26-Jul-13
16.51,16.43,16.51,29-Jul-13
16.52,16.44,16.52,30-Jul-13
16.52,16.44,16.52,31-Jul-13
16.54,16.46,16.54,1-Aug-13
16.55,16.47,16.55,2-Aug-13
16.53,16.45,16.53,5-Aug-13
16.56,16.48,16.56,6-Aug-13
16.56,16.48,16.56,7-Aug-13
16.57,16.49,16.57,8-Aug-13
16.59,16.51,16.59,12-Aug-13
16.59,16.51,16.59,13-Aug-13
16.61,16.53,16.61,14-Aug-13
16.63,16.55,16.63,16-Aug-13
16.62,16.54,16.62,19-Aug-13
16.63,16.55,16.63,20-Aug-13
16.64,16.56,16.64,21-Aug-13
16.62,16.54,16.62,22-Aug-13
16.64,16.56,16.64,23-Aug-13
16.65,16.57,16.65,26-Aug-13
16.65,16.57,16.65,27-Aug-13
16.64,16.56,16.64,28-Aug-13
16.65,16.57,16.65,29-Aug-13
16.69,16.61,16.69,30-Aug-13
16.68,16.6,16.68,2-Sep-13
16.7,16.62,16.7,3-Sep-13
16.68,16.6,16.68,4-Sep-13
16.69,16.61,16.69,5-Sep-13
16.7,16.62,16.7,6-Sep-13
16.71,16.63,16.71,10-Sep-13
16.68,16.6,16.68,11-Sep-13
16.72,16.64,16.72,12-Sep-13
16.71,16.63,16.71,13-Sep-13
16.72,16.64,16.72,16-Sep-13
16.72,16.64,16.72,17-Sep-13
16.73,16.65,16.73,18-Sep-13
16.73,16.65,16.73,19-Sep-13
16.74,16.66,16.74,20-Sep-13
16.75,16.67,16.75,23-Sep-13
16.75,16.67,16.75,24-Sep-13
16.76,16.68,16.76,25-Sep-13
16.76,16.68,16.76,26-Sep-13
16.8,16.72,16.8,27-Sep-13
16.8,16.72,16.8,30-Sep-13
16.79,16.71,16.79,1-Oct-13
16.8,16.72,16.8,3-Oct-13
16.82,16.74,16.82,4-Oct-13
16.82,16.74,16.82,7-Oct-13
16.85,16.77,16.85,8-Oct-13
16.82,16.74,16.82,9-Oct-13
16.84,16.76,16.84,10-Oct-13
16.85,16.77,16.85,11-Oct-13
16.86,16.78,16.86,14-Oct-13
16.88,16.8,16.88,15-Oct-13
16.89,16.81,16.89,17-Oct-13
16.89,16.81,16.89,18-Oct-13
16.89,16.81,16.89,21-Oct-13
16.9,16.82,16.9,22-Oct-13
16.91,16.83,16.91,23-Oct-13
16.92,16.84,16.92,24-Oct-13
16.94,16.86,16.94,25-Oct-13
16.95,16.87,16.95,28-Oct-13
16.94,16.86,16.94,29-Oct-13
16.96,16.88,16.96,30-Oct-13
16.97,16.89,16.97,31-Oct-13
16.95,16.87,16.95,1-Nov-13
16.98,16.9,16.98,5-Nov-13
16.97,16.89,16.97,6-Nov-13
16.98,16.9,16.98,7-Nov-13
16.98,16.9,16.98,8-Nov-13
16.98,16.9,16.98,11-Nov-13
16.98,16.9,16.98,12-Nov-13
16.99,16.91,16.99,13-Nov-13
17,16.92,17,14-Nov-13
17.01,16.92,17.01,18-Nov-13
17.02,16.93,17.02,19-Nov-13
17.04,16.95,17.04,20-Nov-13
17.05,16.96,17.05,21-Nov-13
17.05,16.96,17.05,22-Nov-13
17.05,16.96,17.05,25-Nov-13
17.07,16.98,17.07,26-Nov-13
17.07,16.98,17.07,27-Nov-13
17.07,16.98,17.07,28-Nov-13
17.08,16.99,17.08,29-Nov-13
17.0928,17.0073,17.0928,2-Dec-13
17.1012,17.0157,17.1012,3-Dec-13
17.1121,17.0265,17.1121,4-Dec-13
17.1054,17.0199,17.1054,5-Dec-13
17.1012,17.0157,17.1012,6-Dec-13
17.1249,17.0393,17.1249,9-Dec-13
17.1197,17.0341,17.1197,10-Dec-13
17.1285,17.0429,17.1285,11-Dec-13
17.1465,17.0608,17.1465,12-Dec-13
17.1443,17.0586,17.1443,13-Dec-13
17.1495,17.0638,17.1495,16-Dec-13
17.1615,17.0757,17.1615,17-Dec-13
17.1441,17.0584,17.1441,18-Dec-13
17.18,17.0941,17.18,19-Dec-13
17.1706,17.0847,17.1706,20-Dec-13
17.1765,17.0906,17.1765,23-Dec-13
17.177,17.0911,17.177,24-Dec-13
17.1842,17.0983,17.1842,26-Dec-13
17.2034,17.1174,17.2034,27-Dec-13
17.2272,17.1411,17.2272,30-Dec-13
17.2172,17.1311,17.2172,31-Dec-13
17.2108,17.1247,17.2108,1-Jan-14
17.2608,17.1745,17.2608,2-Jan-14
17.2348,17.1486,17.2348,3-Jan-14
17.2438,17.1576,17.2438,6-Jan-14
17.2573,17.171,17.2573,7-Jan-14
17.2739,17.1875,17.2739,8-Jan-14
17.2974,17.2109,17.2974,9-Jan-14
17.3132,17.2266,17.3132,10-Jan-14
17.3116,17.225,17.3116,13-Jan-14
17.3157,17.2291,17.3157,14-Jan-14
17.3091,17.2226,17.3091,15-Jan-14
17.3123,17.2257,17.3123,16-Jan-14
17.3359,17.2492,17.3359,17-Jan-14
17.3134,17.2268,17.3134,20-Jan-14
17.321,17.2344,17.321,21-Jan-14
17.3257,17.2391,17.3257,22-Jan-14
17.325,17.2384,17.325,23-Jan-14
17.3421,17.2554,17.3421,24-Jan-14
17.3426,17.2559,17.3426,27-Jan-14
17.3444,17.2577,17.3444,28-Jan-14
17.3537,17.2669,17.3537,29-Jan-14
17.3536,17.2668,17.3536,30-Jan-14
17.371,17.2841,17.371,31-Jan-14
17.3784,17.2915,17.3784,3-Feb-14
17.3702,17.2833,17.3702,4-Feb-14
17.3874,17.3005,17.3874,5-Feb-14
17.4067,17.3197,17.4067,6-Feb-14
17.4059,17.3189,17.4059,7-Feb-14
17.4188,17.3317,17.4188,10-Feb-14
17.4257,17.3386,17.4257,11-Feb-14
17.4264,17.3393,17.4264,12-Feb-14
17.4526,17.3653,17.4526,13-Feb-14
17.4341,17.3469,17.4341,14-Feb-14
17.4406,17.3534,17.4406,17-Feb-14
17.4485,17.3613,17.4485,18-Feb-14
17.4489,17.3617,17.4489,19-Feb-14
17.4547,17.3674,17.4547,20-Feb-14
17.4651,17.3778,17.4651,21-Feb-14
17.4634,17.3761,17.4634,24-Feb-14
17.4657,17.3784,17.4657,25-Feb-14
17.4754,17.388,17.4754,26-Feb-14
17.4957,17.4082,17.4957,28-Feb-14
17.5044,17.4169,17.5044,3-Mar-14
17.4853,17.3979,17.4853,4-Mar-14
17.4968,17.4093,17.4968,5-Mar-14
17.5016,17.4141,17.5016,6-Mar-14
17.5081,17.4206,17.5081,7-Mar-14
17.4973,17.4098,17.4973,10-Mar-14
17.4998,17.4123,17.4998,11-Mar-14
17.5042,17.4167,17.5042,12-Mar-14
17.5239,17.4363,17.5239,13-Mar-14
17.5042,17.4167,17.5042,14-Mar-14
17.5187,17.4311,17.5187,18-Mar-14
17.5238,17.4362,17.5238,19-Mar-14
17.5422,17.4545,17.5422,20-Mar-14
17.5503,17.4625,17.5503,21-Mar-14
17.5588,17.471,17.5588,24-Mar-14
17.5539,17.4661,17.5539,25-Mar-14
17.554,17.4662,17.554,26-Mar-14
17.5965,17.5085,17.5965,27-Mar-14
17.6114,17.5233,17.6114,28-Mar-14
17.6169,17.5288,17.6169,31-Mar-14
17.6193,17.5312,17.6193,1-Apr-14
17.6167,17.5286,17.6167,2-Apr-14
17.6204,17.5323,17.6204,3-Apr-14
17.603,17.515,17.603,4-Apr-14
17.6052,17.5172,17.6052,7-Apr-14
17.6219,17.5338,17.6219,9-Apr-14
17.6371,17.5489,17.6371,10-Apr-14
17.6329,17.5447,17.6329,11-Apr-14
17.6532,17.5649,17.6532,15-Apr-14
17.665,17.5767,17.665,16-Apr-14
17.665,17.5767,17.665,17-Apr-14
17.6729,17.5845,17.6729,21-Apr-14
17.6771,17.5887,17.6771,22-Apr-14
17.6756,17.5872,17.6756,23-Apr-14
17.699,17.6105,17.699,25-Apr-14
17.6837,17.5953,17.6837,28-Apr-14
17.7125,17.6239,17.7125,29-Apr-14
17.7445,17.6558,17.7445,30-Apr-14
17.7389,17.6502,17.7389,2-May-14
17.741,17.6523,17.741,5-May-14
17.7394,17.6507,17.7394,6-May-14
17.7525,17.6637,17.7525,7-May-14
17.7637,17.6749,17.7637,8-May-14
17.7589,17.6701,17.7589,9-May-14
17.7635,17.6747,17.7635,12-May-14
17.7662,17.6774,17.7662,13-May-14
17.7599,17.6711,17.7599,14-May-14
17.7867,17.6978,17.7867,15-May-14
17.7472,17.6585,17.7472,16-May-14
17.7734,17.6845,17.7734,19-May-14
17.7743,17.6854,17.7743,20-May-14
17.7738,17.6849,17.7738,21-May-14
17.7905,17.7015,17.7905,22-May-14
17.7963,17.7073,17.7963,23-May-14
17.8244,17.7353,17.8244,26-May-14
17.8261,17.737,17.8261,27-May-14
17.8319,17.7427,17.8319,28-May-14
17.8265,17.7374,17.8265,29-May-14
17.8717,17.7823,17.8717,30-May-14
17.8299,17.7408,17.8299,2-Jun-14
17.8843,17.7949,17.8843,3-Jun-14
17.8744,17.785,17.8744,4-Jun-14
17.903,17.8135,17.903,5-Jun-14
17.9093,17.8198,17.9093,6-Jun-14
17.9031,17.8136,17.9031,9-Jun-14
17.9264,17.8368,17.9264,10-Jun-14
17.9399,17.8502,17.9399,11-Jun-14
17.9288,17.8392,17.9288,12-Jun-14
17.9493,17.8596,17.9493,13-Jun-14
17.93,17.8404,17.93,16-Jun-14
17.9326,17.8429,17.9326,17-Jun-14
17.9612,17.8714,17.9612,18-Jun-14
17.9615,17.8717,17.9615,19-Jun-14
17.9606,17.8708,17.9606,20-Jun-14
17.9646,17.8748,17.9646,23-Jun-14
17.965,17.8752,17.965,24-Jun-14
17.9719,17.882,17.9719,25-Jun-14
17.9783,17.8884,17.9783,26-Jun-14
17.9888,17.8989,17.9888,27-Jun-14
17.9976,17.9076,17.9976,30-Jun-14
18.0001,17.9101,18.0001,1-Jul-14
18.0091,17.9191,18.0091,2-Jul-14
18.0235,17.9334,18.0235,3-Jul-14
18.0169,17.9268,18.0169,4-Jul-14
18.0406,17.9504,18.0406,7-Jul-14
18.0585,17.9682,18.0585,8-Jul-14
18.077,17.9866,18.077,9-Jul-14
18.0754,17.985,18.0754,10-Jul-14
18.0764,17.986,18.0764,11-Jul-14
18.0733,17.9829,18.0733,14-Jul-14
18.0805,17.9901,18.0805,15-Jul-14
18.0861,17.9957,18.0861,16-Jul-14
18.097,18.0065,18.097,17-Jul-14
18.1079,18.0174,18.1079,18-Jul-14
18.1235,18.0329,18.1235,21-Jul-14
18.1196,18.029,18.1196,22-Jul-14
18.1206,18.03,18.1206,23-Jul-14
18.1173,18.0267,18.1173,24-Jul-14
18.136,18.0453,18.136,25-Jul-14
18.1395,18.0488,18.1395,28-Jul-14
18.1461,18.0554,18.1461,30-Jul-14
18.1571,18.0663,18.1571,31-Jul-14
18.166,18.0752,18.166,1-Aug-14
18.1541,18.0633,18.1541,4-Aug-14
18.1575,18.0667,18.1575,5-Aug-14
18.1773,18.0864,18.1773,6-Aug-14
18.174,18.0831,18.174,7-Aug-14
18.1829,18.092,18.1829,8-Aug-14
18.1914,18.1004,18.1914,11-Aug-14
18.184,18.0931,18.184,12-Aug-14
18.2095,18.1185,18.2095,13-Aug-14
18.2084,18.1174,18.2084,14-Aug-14
18.2224,18.1313,18.2224,18-Aug-14
18.2276,18.1365,18.2276,19-Aug-14
18.2216,18.1305,18.2216,20-Aug-14
18.2301,18.1389,18.2301,21-Aug-14
18.2352,18.144,18.2352,22-Aug-14
18.2486,18.1574,18.2486,25-Aug-14
18.2387,18.1475,18.2387,26-Aug-14
18.2537,18.1624,18.2537,27-Aug-14
18.2565,18.1652,18.2565,28-Aug-14
18.2368,18.1456,18.2368,1-Sep-14
18.2504,18.1591,18.2504,2-Sep-14
18.2639,18.1726,18.2639,3-Sep-14
18.2572,18.1659,18.2572,4-Sep-14
18.2634,18.1721,18.2634,5-Sep-14
18.2762,18.1848,18.2762,8-Sep-14
18.2678,18.1765,18.2678,9-Sep-14
18.2688,18.1775,18.2688,10-Sep-14
18.2772,18.1858,18.2772,11-Sep-14
18.2775,18.1861,18.2775,12-Sep-14
18.3108,18.2192,18.3108,15-Sep-14
18.3197,18.2281,18.3197,16-Sep-14
18.3205,18.2289,18.3205,17-Sep-14
18.3164,18.2248,18.3164,18-Sep-14
18.3288,18.2372,18.3288,19-Sep-14
18.3332,18.2415,18.3332,22-Sep-14
18.3467,18.255,18.3467,23-Sep-14
18.3408,18.2491,18.3408,24-Sep-14
18.3454,18.2537,18.3454,25-Sep-14
18.3507,18.2589,18.3507,26-Sep-14
18.3765,18.2846,18.3765,29-Sep-14
18.3819,18.29,18.3819,30-Sep-14
18.3893,18.2974,18.3893,1-Oct-14
18.4079,18.3159,18.4079,7-Oct-14
18.3881,18.2962,18.3881,8-Oct-14
18.4044,18.3124,18.4044,9-Oct-14
18.4192,18.3271,18.4192,10-Oct-14
18.4158,18.3237,18.4158,13-Oct-14
18.413,18.3209,18.413,14-Oct-14
18.4332,18.341,18.4332,16-Oct-14
18.4176,18.3255,18.4176,17-Oct-14
18.4307,18.3385,18.4307,20-Oct-14
18.4384,18.3462,18.4384,21-Oct-14
18.4432,18.351,18.4432,22-Oct-14
18.4648,18.3725,18.4648,27-Oct-14
18.4603,18.368,18.4603,28-Oct-14
18.4707,18.3783,18.4707,29-Oct-14
18.4782,18.3858,18.4782,30-Oct-14
18.4916,18.3991,18.4916,31-Oct-14
18.4793,18.3869,18.4793,3-Nov-14
18.4887,18.3963,18.4887,5-Nov-14
18.486,18.3936,18.486,7-Nov-14
18.4988,18.4063,18.4988,10-Nov-14
18.4993,18.4068,18.4993,11-Nov-14
18.5035,18.411,18.5035,12-Nov-14
18.5152,18.4226,18.5152,13-Nov-14
18.5063,18.4138,18.5063,14-Nov-14
18.516,18.4234,18.516,17-Nov-14
18.5215,18.4289,18.5215,18-Nov-14
18.5269,18.4343,18.5269,19-Nov-14
18.5319,18.4392,18.5319,20-Nov-14
18.5446,18.4519,18.5446,21-Nov-14
18.5494,18.4567,18.5494,24-Nov-14
18.5581,18.4653,18.5581,25-Nov-14
18.559,18.4662,18.559,26-Nov-14
18.5645,18.4717,18.5645,27-Nov-14
18.5639,18.4711,18.5639,28-Nov-14
18.5763,18.4834,18.5763,1-Dec-14
18.5685,18.4757,18.5685,2-Dec-14
18.5866,18.4937,18.5866,3-Dec-14
18.584,18.4911,18.584,4-Dec-14
18.5874,18.4945,18.5874,5-Dec-14
18.5934,18.5004,18.5934,8-Dec-14
18.5905,18.4975,18.5905,9-Dec-14
18.5821,18.4892,18.5821,10-Dec-14
18.5927,18.4997,18.5927,11-Dec-14
18.5914,18.4984,18.5914,12-Dec-14
18.5979,18.5049,18.5979,15-Dec-14
18.6108,18.5177,18.6108,16-Dec-14
18.6329,18.5397,18.6329,17-Dec-14
18.64,18.5468,18.64,18-Dec-14
18.6548,18.5615,18.6548,19-Dec-14
18.6638,18.5705,18.6638,22-Dec-14
18.6713,18.5779,18.6713,23-Dec-14
18.6333,18.5401,18.6333,24-Dec-14
18.6693,18.576,18.6693,26-Dec-14
18.6823,18.5889,18.6823,29-Dec-14
18.6834,18.59,18.6834,30-Dec-14
18.6937,18.6002,18.6937,31-Dec-14
18.7068,18.6133,18.7068,1-Jan-15
18.7032,18.6097,18.7032,2-Jan-15
18.7199,18.6263,18.7199,5-Jan-15
18.7583,18.6645,18.7583,6-Jan-15
18.7428,18.6491,18.7428,7-Jan-15
18.7529,18.6591,18.7529,8-Jan-15
18.7634,18.6696,18.7634,9-Jan-15
18.7522,18.6584,18.7522,12-Jan-15
18.7794,18.6855,18.7794,13-Jan-15
18.7637,18.6699,18.7637,14-Jan-15
18.7655,18.6717,18.7655,15-Jan-15
18.768,18.6742,18.768,16-Jan-15
18.7752,18.6813,18.7752,19-Jan-15
18.7781,18.6842,18.7781,20-Jan-15
18.7895,18.6956,18.7895,21-Jan-15
18.7792,18.6853,18.7792,22-Jan-15
18.7939,18.6999,18.7939,23-Jan-15
18.8042,18.7102,18.8042,27-Jan-15
18.8236,18.7295,18.8236,28-Jan-15
18.8398,18.7456,18.8398,29-Jan-15
18.8397,18.7455,18.8397,30-Jan-15
18.8322,18.738,18.8322,2-Feb-15
18.8573,18.763,18.8573,3-Feb-15
18.8584,18.7641,18.8584,4-Feb-15
18.8844,18.79,18.8844,5-Feb-15
18.8778,18.7834,18.8778,6-Feb-15
18.891,18.7965,18.891,9-Feb-15
18.8804,18.786,18.8804,10-Feb-15
18.8775,18.7831,18.8775,11-Feb-15
18.8834,18.789,18.8834,12-Feb-15
18.898,18.8035,18.898,13-Feb-15
18.9083,18.8138,18.9083,16-Feb-15
18.9116,18.817,18.9116,18-Feb-15
18.9204,18.8258,18.9204,19-Feb-15
18.9403,18.8456,18.9403,20-Feb-15
18.9664,18.8716,18.9664,23-Feb-15
18.9504,18.8556,18.9504,24-Feb-15
18.9632,18.8684,18.9632,25-Feb-15
18.9556,18.8608,18.9556,26-Feb-15
18.9788,18.8839,18.9788,27-Feb-15
18.9652,18.8704,18.9652,2-Mar-15
18.9674,18.8726,18.9674,3-Mar-15
19.0169,18.9218,19.0169,4-Mar-15
18.9891,18.8942,18.9891,5-Mar-15
19.0303,18.9351,19.0303,9-Mar-15
19.0087,18.9137,19.0087,10-Mar-15
18.9963,18.9013,18.9963,11-Mar-15
19.0025,18.9075,19.0025,12-Mar-15
19.0338,18.9386,19.0338,13-Mar-15
19.0168,18.9217,19.0168,16-Mar-15
19.0352,18.94,19.0352,17-Mar-15
19.0332,18.938,19.0332,18-Mar-15
19.0672,18.9719,19.0672,19-Mar-15
19.058,18.9627,19.058,20-Mar-15
19.0748,18.9794,19.0748,23-Mar-15
19.057,18.9617,19.057,24-Mar-15
19.0834,18.988,19.0834,25-Mar-15
19.0564,18.9611,19.0564,26-Mar-15
19.0687,18.9734,19.0687,27-Mar-15
19.1042,19.0087,19.1042,30-Mar-15
19.1417,19.046,19.1417,31-Mar-15
19.1379,19.0422,19.1379,1-Apr-15
19.1613,19.0655,19.1613,6-Apr-15
19.1429,19.0472,19.1429,7-Apr-15
19.1541,19.0583,19.1541,8-Apr-15
19.1668,19.071,19.1668,9-Apr-15
19.171,19.0751,19.171,10-Apr-15
19.1839,19.088,19.1839,13-Apr-15
19.1832,19.0873,19.1832,15-Apr-15
19.2027,19.1067,19.2027,16-Apr-15
19.2019,19.1059,19.2019,17-Apr-15
19.2136,19.1175,19.2136,20-Apr-15
19.2147,19.1186,19.2147,21-Apr-15
19.2008,19.1048,19.2008,22-Apr-15
19.2288,19.1327,19.2288,23-Apr-15
19.2324,19.1362,19.2324,24-Apr-15
19.247,19.1508,19.247,27-Apr-15
19.243,19.1468,19.243,28-Apr-15
19.2492,19.153,19.2492,29-Apr-15
19.2358,19.1396,19.2358,30-Apr-15
19.2672,19.1709,19.2672,4-May-15
19.2757,19.1793,19.2757,5-May-15
19.3034,19.2069,19.3034,6-May-15
19.3052,19.2087,19.3052,7-May-15
19.3179,19.2213,19.3179,8-May-15
19.3212,19.2246,19.3212,11-May-15
19.3483,19.2516,19.3483,12-May-15
19.3292,19.2326,19.3292,13-May-15
19.3369,19.2402,19.3369,14-May-15
19.3563,19.2595,19.3563,15-May-15
19.3563,19.2595,19.3563,18-May-15
19.3596,19.2628,19.3596,19-May-15
19.3605,19.2637,19.3605,20-May-15
19.3635,19.2667,19.3635,21-May-15
19.3757,19.2788,19.3757,22-May-15
19.3787,19.2818,19.3787,25-May-15
19.3813,19.2844,19.3813,26-May-15
19.3826,19.2857,19.3826,27-May-15
19.3877,19.2908,19.3877,28-May-15
19.39,19.2931,19.39,29-May-15
19.4062,19.3092,19.4062,1-Jun-15
19.4298,19.3327,19.4298,2-Jun-15
19.4263,19.3292,19.4263,3-Jun-15
19.425,19.3279,19.425,4-Jun-15
19.4469,19.3497,19.4469,5-Jun-15
19.4514,19.3541,19.4514,8-Jun-15
19.4435,19.3463,19.4435,9-Jun-15
19.4513,19.354,19.4513,10-Jun-15
19.4603,19.363,19.4603,11-Jun-15
19.4578,19.3605,19.4578,12-Jun-15
19.4732,19.3758,19.4732,15-Jun-15
19.465,19.3677,19.465,16-Jun-15
19.4841,19.3867,19.4841,17-Jun-15
19.4897,19.3923,19.4897,18-Jun-15
19.4717,19.3743,19.4717,19-Jun-15
19.4917,19.3942,19.4917,22-Jun-15
19.4917,19.3942,19.4917,23-Jun-15
19.5073,19.4098,19.5073,24-Jun-15
19.4988,19.4013,19.4988,25-Jun-15
19.5209,19.4233,19.5209,26-Jun-15
19.5306,19.4329,19.5306,29-Jun-15
19.5263,19.4287,19.5263,30-Jun-15
19.5279,19.4303,19.5279,1-Jul-15
19.5416,19.4439,19.5416,2-Jul-15
19.5369,19.4392,19.5369,3-Jul-15
19.524,19.4264,19.524,6-Jul-15
19.5339,19.4362,19.5339,7-Jul-15
19.5344,19.4367,19.5344,8-Jul-15
19.5375,19.4398,19.5375,9-Jul-15
19.5352,19.4375,19.5352,10-Jul-15
19.5404,19.4427,19.5404,13-Jul-15
19.5602,19.4624,19.5602,14-Jul-15
19.556,19.4582,19.556,15-Jul-15
19.5631,19.4653,19.5631,16-Jul-15
19.5702,19.4723,19.5702,17-Jul-15
19.5667,19.4689,19.5667,20-Jul-15
19.579,19.4811,19.579,21-Jul-15
19.5738,19.4759,19.5738,22-Jul-15
19.5856,19.4877,19.5856,23-Jul-15
19.5853,19.4874,19.5853,24-Jul-15
19.589,19.4911,19.589,27-Jul-15
19.5844,19.4865,19.5844,28-Jul-15
19.6011,19.5031,19.6011,29-Jul-15
19.6045,19.5065,19.6045,30-Jul-15
19.6111,19.513,19.6111,31-Jul-15
19.6304,19.5322,19.6304,3-Aug-15
19.6145,19.5164,19.6145,4-Aug-15
19.6266,19.5285,19.6266,5-Aug-15
19.6283,19.5302,19.6283,6-Aug-15
19.6293,19.5312,19.6293,7-Aug-15
19.6444,19.5462,19.6444,10-Aug-15
19.6319,19.5337,19.6319,11-Aug-15
19.6482,19.55,19.6482,12-Aug-15
19.6489,19.5507,19.6489,13-Aug-15
19.6448,19.5466,19.6448,14-Aug-15
19.6581,19.5598,19.6581,17-Aug-15
19.6621,19.5638,19.6621,18-Aug-15
19.6726,19.5742,19.6726,19-Aug-15
19.6803,19.5819,19.6803,20-Aug-15
19.6824,19.584,19.6824,21-Aug-15
19.7079,19.6094,19.7079,24-Aug-15
19.6788,19.5804,19.6788,25-Aug-15
19.6908,19.5923,19.6908,26-Aug-15
19.6831,19.5847,19.6831,27-Aug-15
19.7142,19.6156,19.7142,28-Aug-15
19.7134,19.6148,19.7134,31-Aug-15
19.7299,19.6313,19.7299,1-Sep-15
19.7143,19.6157,19.7143,2-Sep-15
19.7206,19.622,19.7206,3-Sep-15
19.7323,19.6336,19.7323,4-Sep-15
19.7377,19.639,19.7377,7-Sep-15
19.7165,19.6179,19.7165,8-Sep-15
19.7464,19.6477,19.7464,9-Sep-15
19.7347,19.636,19.7347,10-Sep-15
19.7638,19.665,19.7638,11-Sep-15
19.7616,19.6628,19.7616,14-Sep-15
19.7682,19.6694,19.7682,15-Sep-15
19.7787,19.6798,19.7787,16-Sep-15
19.7756,19.6767,19.7756,18-Sep-15
19.7789,19.68,19.7789,21-Sep-15
19.8057,19.7067,19.8057,22-Sep-15
